<?xml version="1.0" encoding="UTF-8"?>

<beans xmlns="http://www.springframework.org/schema/beans"
       xmlns:xsi="http://www.w3.org/2001/XMLSchema-instance"
       xmlns:util="http://www.springframework.org/schema/util"
       xsi:schemaLocation="http://www.springframework.org/schema/beans
                           http://www.springframework.org/schema/beans/spring-beans-4.3.xsd
                           http://www.springframework.org/schema/util
                           http://www.springframework.org/schema/util/spring-util-4.3.xsd">


    <import resource="user-cache.xml"/>

    <import resource="user-service.xml"/>


    <bean id="cachingPreauthProvider"
          class="ozone.security.authentication.CachingPreAuthenticatedAuthenticationProvider">
        <property name="preAuthenticatedUserDetailsService">
            <bean class="org.springframework.security.core.userdetails.UserDetailsByNameServiceWrapper">
                <constructor-arg ref="userService"/>
            </bean>
        </property>
        <property name="userCache" ref="springUserCache"/>
        <property name="order">
            <util:constant static-field="org.springframework.core.Ordered.HIGHEST_PRECEDENCE"/>
        </property>
    </bean>

    <bean id="cachingUsernamePasswordAuthProvider"
          class="org.springframework.security.authentication.dao.DaoAuthenticationProvider">
        <property name="userDetailsService" ref="userService"/>
        <property name="userCache" ref="springUserCache"/>
    </bean>


</beans>


