<?xml version="1.0" encoding="UTF-8"?>

<beans xmlns="http://www.springframework.org/schema/beans"
       xmlns:sec="http://www.springframework.org/schema/security"
       xmlns:xsi="http://www.w3.org/2001/XMLSchema-instance"
       xsi:schemaLocation="http://www.springframework.org/schema/beans
                           http://www.springframework.org/schema/beans/spring-beans-4.3.xsd
                           http://www.springframework.org/schema/security
                           http://www.springframework.org/schema/security/spring-security-4.2.xsd">


    <bean id="propConfig" class="org.springframework.context.support.PropertySourcesPlaceholderConfigurer">
        <property name="location" value="classpath:ozone/framework/application.properties"/>
    </bean>


    <import resource="security/method-security.xml"/>

    <import resource="security/user-service.xml" />
    <import resource="security/authentication-providers.xml" />


    <bean id="x509Filter" class="org.springframework.security.web.authentication.preauth.x509.X509AuthenticationFilter">
        <property name="authenticationManager" ref="authenticationManager"/>
    </bean>

    <bean id="ozoneCookieFilter" class="ozone.security.filters.OzoneCookieFilter"/>


    <sec:http realm="OZONE">

        <sec:port-mappings>
            <sec:port-mapping http="${ozone.unsecurePort}" https="${ozone.port}"/>
        </sec:port-mappings>

        <!-- CSRF protection must be disabled (enabled by default) to allow POST (& PATCH, PUT, DELETE) requests,
                as the client does not currently support CSRF tokens. -->
        <sec:csrf disabled="true"/>

        <!-- Set the 'X-Frame-Options' header (defaults to DENY) to allow widgets to run in iframes -->
        <sec:headers>
            <sec:frame-options policy="SAMEORIGIN"/>
        </sec:headers>

        <sec:intercept-url pattern="/static/**"
                           access="permitAll()" />

        <sec:intercept-url pattern="/**"
                           access="hasAnyRole('ADMIN', 'USER', 'ORG_STEWARD')"
                           requires-channel="https" />

        <sec:logout logout-url="/logout"
                    logout-success-url="/login?out=1"
                    delete-cookies="JSESSIONID"
                    invalidate-session="true" />

        <!-- Cannot use <sec:x509> element since it adds an extra authenticationprovider that bypasses the caching provider -->
        <sec:custom-filter ref="x509Filter" position="X509_FILTER"/>

        <sec:custom-filter ref="ozoneCookieFilter" before="ANONYMOUS_FILTER"/>

    </sec:http>


    <sec:authentication-manager alias="authenticationManager">

        <!-- Certificate Authentication -->
        <sec:authentication-provider ref="cachingPreauthProvider"/>

    </sec:authentication-manager>


</beans>
