<?xml version="1.0" encoding="UTF-8"?>

<config xmlns="http://www.ehcache.org/v3"
        xmlns:xsi="http://www.w3.org/2001/XMLSchema-instance"
        xsi:schemaLocation="http://www.ehcache.org/v3
                            http://www.ehcache.org/schema/ehcache-core-3.3.xsd">

    <cache alias="userCache">
        <key-type>java.lang.String</key-type>
        <value-type>org.springframework.security.core.userdetails.UserDetails</value-type>
        <expiry>
            <none/>
        </expiry>
        <heap unit="entries">100000</heap>
    </cache>

    <cache alias="sessionCache">
        <key-type>java.lang.String</key-type>
        <value-type>org.springframework.security.core.session.SessionInformation</value-type>
        <expiry>
            <none/>
        </expiry>
        <heap unit="entries">100000</heap>
    </cache>

    <cache alias="allowedSessionsCache">
        <key-type>java.lang.String</key-type>
        <value-type>java.lang.Integer</value-type>
        <expiry>
            <none/>
        </expiry>
        <heap unit="entries">1</heap>
    </cache>

</config>
