[{"model": "contenttypes.contenttype", "pk": 1, "fields": {"app_label": "admin", "model": "logentry"}}, {"model": "contenttypes.contenttype", "pk": 2, "fields": {"app_label": "auth", "model": "permission"}}, {"model": "contenttypes.contenttype", "pk": 3, "fields": {"app_label": "auth", "model": "group"}}, {"model": "contenttypes.contenttype", "pk": 4, "fields": {"app_label": "contenttypes", "model": "contenttype"}}, {"model": "contenttypes.contenttype", "pk": 5, "fields": {"app_label": "sessions", "model": "session"}}, {"model": "contenttypes.contenttype", "pk": 6, "fields": {"app_label": "domain_mappings", "model": "domainmapping"}}, {"model": "contenttypes.contenttype", "pk": 7, "fields": {"app_label": "intents", "model": "intent"}}, {"model": "contenttypes.contenttype", "pk": 8, "fields": {"app_label": "intents", "model": "intentdatatype"}}, {"model": "contenttypes.contenttype", "pk": 9, "fields": {"app_label": "intents", "model": "intentdatatypes"}}, {"model": "contenttypes.contenttype", "pk": 10, "fields": {"app_label": "owf_groups", "model": "owfgroup"}}, {"model": "contenttypes.contenttype", "pk": 11, "fields": {"app_label": "owf_groups", "model": "owfgrouppeople"}}, {"model": "contenttypes.contenttype", "pk": 12, "fields": {"app_label": "people", "model": "person"}}, {"model": "contenttypes.contenttype", "pk": 13, "fields": {"app_label": "people", "model": "personrole"}}, {"model": "contenttypes.contenttype", "pk": 14, "fields": {"app_label": "people", "model": "personwidgetdefinition"}}, {"model": "contenttypes.contenttype", "pk": 15, "fields": {"app_label": "roles", "model": "role"}}, {"model": "contenttypes.contenttype", "pk": 16, "fields": {"app_label": "stacks", "model": "stack"}}, {"model": "contenttypes.contenttype", "pk": 17, "fields": {"app_label": "stacks", "model": "stackgroups"}}, {"model": "contenttypes.contenttype", "pk": 18, "fields": {"app_label": "widgets", "model": "widgetdefinition"}}, {"model": "contenttypes.contenttype", "pk": 19, "fields": {"app_label": "widgets", "model": "widgetdefintent"}}, {"model": "contenttypes.contenttype", "pk": 20, "fields": {"app_label": "widgets", "model": "widgettype"}}, {"model": "contenttypes.contenttype", "pk": 21, "fields": {"app_label": "widgets", "model": "widgetdefintentdatatypes"}}, {"model": "contenttypes.contenttype", "pk": 22, "fields": {"app_label": "widgets", "model": "widgetdefinitionwidgettypes"}}, {"model": "contenttypes.contenttype", "pk": 23, "fields": {"app_label": "dashboards", "model": "dashboard"}}, {"model": "contenttypes.contenttype", "pk": 24, "fields": {"app_label": "preferences", "model": "preference"}}, {"model": "contenttypes.contenttype", "pk": 25, "fields": {"app_label": "appconf", "model": "applicationconfiguration"}}, {"model": "sessions.session", "pk": "2lqmmaimwxa7ce09qiihpu73mq27m82f", "fields": {"session_data": "ZjBjMmNlZmMwNDViNzg4NGY2MWI4YmQ4ZTEzZTM0NWQyZWY2Y2NkZDp7Il9hdXRoX3VzZXJfaWQiOiIxIiwiX2F1dGhfdXNlcl9iYWNrZW5kIjoiZGphbmdvLmNvbnRyaWIuYXV0aC5iYWNrZW5kcy5Nb2RlbEJhY2tlbmQiLCJfYXV0aF91c2VyX2hhc2giOiI3MmVhM2Y0NmY5NzEwY2M5MzI2M2JmMmI5OTc1NmZjYjA0Njg2M2ZlIn0=", "expire_date": "2019-11-06T18:35:10.463Z"}}, {"model": "sessions.session", "pk": "bfw291bvvpy7cmx10lhyj48oo6g2fa4b", "fields": {"session_data": "ZjBjMmNlZmMwNDViNzg4NGY2MWI4YmQ4ZTEzZTM0NWQyZWY2Y2NkZDp7Il9hdXRoX3VzZXJfaWQiOiIxIiwiX2F1dGhfdXNlcl9iYWNrZW5kIjoiZGphbmdvLmNvbnRyaWIuYXV0aC5iYWNrZW5kcy5Nb2RlbEJhY2tlbmQiLCJfYXV0aF91c2VyX2hhc2giOiI3MmVhM2Y0NmY5NzEwY2M5MzI2M2JmMmI5OTc1NmZjYjA0Njg2M2ZlIn0=", "expire_date": "2019-11-07T16:22:45.433Z"}}, {"model": "domain_mappings.domainmapping", "pk": 1, "fields": {"version": 0, "src_id": 2, "src_type": "group", "relationship_type": "owns", "dest_id": 1, "dest_type": "widget_definition"}}, {"model": "domain_mappings.domainmapping", "pk": 2, "fields": {"version": 0, "src_id": 1, "src_type": "group", "relationship_type": "owns", "dest_id": 1, "dest_type": "widget_definition"}}, {"model": "domain_mappings.domainmapping", "pk": 3, "fields": {"version": 1571180762, "src_id": 7, "src_type": "group", "relationship_type": "owns", "dest_id": 5, "dest_type": "dashboard"}}, {"model": "domain_mappings.domainmapping", "pk": 4, "fields": {"version": 1571180762, "src_id": 6, "src_type": "dashboard", "relationship_type": "cloneOf", "dest_id": 5, "dest_type": "dashboard"}}, {"model": "domain_mappings.domainmapping", "pk": 5, "fields": {"version": 1571857697, "src_id": 2, "src_type": "group", "relationship_type": "owns", "dest_id": 2, "dest_type": "widget_definition"}}, {"model": "domain_mappings.domainmapping", "pk": 6, "fields": {"version": 1571857697, "src_id": 2, "src_type": "group", "relationship_type": "owns", "dest_id": 3, "dest_type": "widget_definition"}}, {"model": "domain_mappings.domainmapping", "pk": 7, "fields": {"version": 1571857697, "src_id": 2, "src_type": "group", "relationship_type": "owns", "dest_id": 4, "dest_type": "widget_definition"}}, {"model": "domain_mappings.domainmapping", "pk": 8, "fields": {"version": 1571857697, "src_id": 2, "src_type": "group", "relationship_type": "owns", "dest_id": 5, "dest_type": "widget_definition"}}, {"model": "owf_groups.owfgroup", "pk": 1, "fields": {"version": 1, "status": "active", "email": "admin@geocent.com", "description": "Description for OWF Users", "name": "OWF Users", "automatic": false, "display_name": "OWF Users", "stack_default": false}}, {"model": "owf_groups.owfgroup", "pk": 2, "fields": {"version": 1, "status": "active", "email": "admin@geocent.com", "description": "Description for OWF Administrators", "name": "OWF Administrators", "automatic": false, "display_name": "OWF Administrators", "stack_default": false}}, {"model": "owf_groups.owfgroup", "pk": 3, "fields": {"version": 1, "status": "active", "email": "admin@geocent.com", "description": "Description for test group", "name": "Test Group", "automatic": false, "display_name": "Test Group", "stack_default": false}}, {"model": "owf_groups.owfgroup", "pk": 4, "fields": {"version": 1, "status": "active", "email": "admin@geocent.com", "description": "Description for test group 2", "name": "Test Group 2", "automatic": false, "display_name": "Test Group", "stack_default": false}}, {"model": "owf_groups.owfgroup", "pk": 5, "fields": {"version": 1, "status": "active", "email": "admin@geocent.com", "description": "Description for test group 3", "name": "Test Group 3", "automatic": false, "display_name": "Test Group", "stack_default": false}}, {"model": "owf_groups.owfgroup", "pk": 7, "fields": {"version": 1571180762, "status": "active", "email": null, "description": null, "name": "8fd5f08c-612b-416f-aee5-c4a979ee3167", "automatic": false, "display_name": "8fd5f08c-612b-416f-aee5-c4a979ee3167", "stack_default": true}}, {"model": "people.person", "pk": 1, "fields": {"password": "pbkdf2_sha256$150000$gdZ6UnreySUI$vGHintLE85fA1bMzXHEg20GH7wrDA8CeC2JRZSqCF3U=", "version": 1571855572, "enabled": true, "user_real_name": "", "username": "admin", "last_login": "2019-10-24T16:22:45.428Z", "email_show": true, "email": "admin@goss.com", "prev_login": "2019-08-13T17:04:35.675Z", "description": "", "last_notification": "2019-08-13T17:04:35.675Z", "requires_sync": true, "is_active": true, "is_admin": true}}, {"model": "people.person", "pk": 2, "fields": {"password": "pbkdf2_sha256$150000$13PiGqtQp4mn$T9WsCbw8Z9kSSFCNXuDQ01gdHiZY80XT567saUmfd7c=", "version": 1571855572, "enabled": true, "user_real_name": "user", "username": "user", "last_login": "2019-08-13T21:18:23.008Z", "email_show": true, "email": "user@goss.com", "prev_login": "2019-08-13T21:18:23.008Z", "description": "", "last_notification": "2019-08-13T21:18:23.008Z", "requires_sync": true, "is_active": true, "is_admin": false}}, {"model": "people.personwidgetdefinition", "pk": 1, "fields": {"version": 1571936370, "person": 2, "visible": false, "pwd_position": null, "widget_definition": 6, "group_widget": false, "favorite": false, "display_name": null, "disabled": false, "user_widget": false}}, {"model": "people.personwidgetdefinition", "pk": 2, "fields": {"version": 1571936370, "person": 2, "visible": false, "pwd_position": null, "widget_definition": 7, "group_widget": false, "favorite": false, "display_name": null, "disabled": false, "user_widget": false}}, {"model": "people.personwidgetdefinition", "pk": 3, "fields": {"version": 1571936370, "person": 2, "visible": false, "pwd_position": null, "widget_definition": 8, "group_widget": false, "favorite": false, "display_name": null, "disabled": false, "user_widget": false}}, {"model": "people.personwidgetdefinition", "pk": 4, "fields": {"version": 1571936370, "person": 2, "visible": false, "pwd_position": null, "widget_definition": 9, "group_widget": false, "favorite": false, "display_name": null, "disabled": false, "user_widget": false}}, {"model": "people.personwidgetdefinition", "pk": 5, "fields": {"version": 1571936370, "person": 2, "visible": false, "pwd_position": null, "widget_definition": 10, "group_widget": false, "favorite": false, "display_name": null, "disabled": false, "user_widget": false}}, {"model": "people.personwidgetdefinition", "pk": 6, "fields": {"version": 1571936371, "person": 2, "visible": false, "pwd_position": null, "widget_definition": 11, "group_widget": false, "favorite": false, "display_name": null, "disabled": false, "user_widget": false}}, {"model": "people.personwidgetdefinition", "pk": 7, "fields": {"version": 1571936371, "person": 2, "visible": false, "pwd_position": null, "widget_definition": 12, "group_widget": false, "favorite": false, "display_name": null, "disabled": false, "user_widget": false}}, {"model": "people.personwidgetdefinition", "pk": 8, "fields": {"version": 1571936371, "person": 2, "visible": false, "pwd_position": null, "widget_definition": 13, "group_widget": false, "favorite": false, "display_name": null, "disabled": false, "user_widget": false}}, {"model": "people.personwidgetdefinition", "pk": 9, "fields": {"version": 1571936371, "person": 2, "visible": false, "pwd_position": null, "widget_definition": 14, "group_widget": false, "favorite": false, "display_name": null, "disabled": false, "user_widget": false}}, {"model": "people.personwidgetdefinition", "pk": 10, "fields": {"version": 1571936371, "person": 2, "visible": false, "pwd_position": null, "widget_definition": 15, "group_widget": false, "favorite": false, "display_name": null, "disabled": false, "user_widget": false}}, {"model": "people.personwidgetdefinition", "pk": 11, "fields": {"version": 1571936380, "person": 1, "visible": false, "pwd_position": null, "widget_definition": 6, "group_widget": false, "favorite": false, "display_name": null, "disabled": false, "user_widget": false}}, {"model": "people.personwidgetdefinition", "pk": 12, "fields": {"version": 1571936380, "person": 1, "visible": false, "pwd_position": null, "widget_definition": 7, "group_widget": false, "favorite": false, "display_name": null, "disabled": false, "user_widget": false}}, {"model": "people.personwidgetdefinition", "pk": 13, "fields": {"version": 1571936380, "person": 1, "visible": false, "pwd_position": null, "widget_definition": 8, "group_widget": false, "favorite": false, "display_name": null, "disabled": false, "user_widget": false}}, {"model": "people.personwidgetdefinition", "pk": 14, "fields": {"version": 1571936380, "person": 1, "visible": false, "pwd_position": null, "widget_definition": 9, "group_widget": false, "favorite": false, "display_name": null, "disabled": false, "user_widget": false}}, {"model": "people.personwidgetdefinition", "pk": 15, "fields": {"version": 1571936381, "person": 1, "visible": false, "pwd_position": null, "widget_definition": 10, "group_widget": false, "favorite": false, "display_name": null, "disabled": false, "user_widget": false}}, {"model": "people.personwidgetdefinition", "pk": 16, "fields": {"version": 1571936381, "person": 1, "visible": false, "pwd_position": null, "widget_definition": 11, "group_widget": false, "favorite": false, "display_name": null, "disabled": false, "user_widget": false}}, {"model": "people.personwidgetdefinition", "pk": 17, "fields": {"version": 1571936381, "person": 1, "visible": false, "pwd_position": null, "widget_definition": 12, "group_widget": false, "favorite": false, "display_name": null, "disabled": false, "user_widget": false}}, {"model": "people.personwidgetdefinition", "pk": 18, "fields": {"version": 1571936381, "person": 1, "visible": false, "pwd_position": null, "widget_definition": 13, "group_widget": false, "favorite": false, "display_name": null, "disabled": false, "user_widget": false}}, {"model": "people.personwidgetdefinition", "pk": 19, "fields": {"version": 1571936381, "person": 1, "visible": false, "pwd_position": null, "widget_definition": 14, "group_widget": false, "favorite": false, "display_name": null, "disabled": false, "user_widget": false}}, {"model": "people.personwidgetdefinition", "pk": 20, "fields": {"version": 1571936381, "person": 1, "visible": false, "pwd_position": null, "widget_definition": 15, "group_widget": false, "favorite": false, "display_name": null, "disabled": false, "user_widget": false}}, {"model": "roles.role", "pk": 1, "fields": {"version": 1, "authority": "ADMIN", "description": "Admin Role"}}, {"model": "roles.role", "pk": 2, "fields": {"version": 0, "authority": "USER", "description": "User Role"}}, {"model": "stacks.stack", "pk": 1, "fields": {"version": 1571155537, "name": "Sample", "description": null, "stack_context": "", "image_url": null, "descriptor_url": null, "unique_widget_count": 2, "owner": 1, "approved": true, "default_group": 1}}, {"model": "stacks.stack", "pk": 3, "fields": {"version": 1571180762, "name": "Administration", "description": "This application collects the administrative components into a common set of application pages for managing system resources.  These pages can be used to create, modify, update, and delete Apps, App Components, Users and Groups, and system configuration settings.", "stack_context": "b926a190-61b6-4e3e-9706-430abe8b6a78", "image_url": "themes/common/images/admin/64x64_admin_app.png", "descriptor_url": "", "unique_widget_count": 5, "owner": 1, "approved": true, "default_group": 7}}, {"model": "stacks.stackgroups", "pk": 1, "fields": {"group": 1, "stack": 1}}, {"model": "stacks.stackgroups", "pk": 2, "fields": {"group": 2, "stack": 1}}, {"model": "widgets.widgettype", "pk": 1, "fields": {"version": 1, "name": "1", "display_name": "Test Widget Type"}}, {"model": "widgets.widgettype", "pk": 2, "fields": {"version": 1571152465, "name": "administration", "display_name": "administration"}}, {"model": "widgets.widgettype", "pk": 3, "fields": {"version": 1571152480, "name": "standard", "display_name": "standard"}}, {"model": "widgets.widgettype", "pk": 4, "fields": {"version": 1571152637, "name": "marketplace", "display_name": "store"}}, {"model": "widgets.widgettype", "pk": 5, "fields": {"version": 1571152660, "name": "metric", "display_name": "metric"}}, {"model": "widgets.widgettype", "pk": 6, "fields": {"version": 1571152673, "name": "fullscreen", "display_name": "fullscreen"}}, {"model": "widgets.widgetdefinition", "pk": 1, "fields": {"version": 1571155096, "visible": true, "image_url_medium": "images/widgets/widgets-manager.png", "image_url_small": "images/widgets/widgets-manager.png", "singleton": false, "width": 400, "widget_version": "1.0", "height": 400, "widget_url": "local:widget_admin", "widget_guid": "25c85af7-6a2d-45c4-bbd5-5a58abd9e5e3", "display_name": "Widget Administration", "background": false, "universal_name": "org.ozoneplatform.owf.admin.WidgetAdmin", "descriptor_url": "Description for url", "description": "Description", "mobile_ready": false}}, {"model": "widgets.widgetdefinition", "pk": 2, "fields": {"version": 1571155160, "visible": false, "image_url_medium": "images/widgets/dashboards-manager.png", "image_url_small": "images/widgets/dashboards-manager.png", "singleton": false, "width": 400, "widget_version": "1.0", "height": 400, "widget_url": "local:dashboard_admin", "widget_guid": "7519b430-1f20-4edc-9769-c9fde5d7dfcc", "display_name": "Stack Administration", "background": null, "universal_name": "org.ozoneplatform.owf.admin.DashboardAdmin", "descriptor_url": null, "description": null, "mobile_ready": false}}, {"model": "widgets.widgetdefinition", "pk": 3, "fields": {"version": 1571155214, "visible": false, "image_url_medium": "images/widgets/dashboards-manager.png", "image_url_small": "images/widgets/dashboards-manager.png", "singleton": false, "width": 400, "widget_version": "1.0", "height": 400, "widget_url": "local:user_admin", "widget_guid": "29024e50-5070-4b75-bf85-c8210bc2f62a", "display_name": "User Administration", "background": null, "universal_name": "org.ozoneplatform.owf.admin.UserAdmin", "descriptor_url": null, "description": null, "mobile_ready": false}}, {"model": "widgets.widgetdefinition", "pk": 4, "fields": {"version": 1571155265, "visible": false, "image_url_medium": "images/widgets/groups-manager.png", "image_url_small": "images/widgets/groups-manager.png", "singleton": false, "width": 400, "widget_version": "1.0", "height": 400, "widget_url": "local:group_admin", "widget_guid": "617c2a73-b440-412b-833d-a42b305a5a18", "display_name": "Group Administration", "background": null, "universal_name": "org.ozoneplatform.owf.admin.GroupAdmin", "descriptor_url": null, "description": null, "mobile_ready": false}}, {"model": "widgets.widgetdefinition", "pk": 5, "fields": {"version": 1571155320, "visible": false, "image_url_medium": "images/widgets/configuration-manager.png", "image_url_small": "images/widgets/configuration-manager.png", "singleton": false, "width": 400, "widget_version": "1.0", "height": 400, "widget_url": "local:system_config", "widget_guid": "159529f1-edbf-4d34-bec6-bd96e3e83b33", "display_name": "System Configuration", "background": null, "universal_name": "org.ozoneplatform.owf.admin.SystemConfig", "descriptor_url": null, "description": null, "mobile_ready": false}}, {"model": "widgets.widgetdefinition", "pk": 6, "fields": {"version": 1571866095, "visible": false, "image_url_medium": "static/images/widget-icons/ChannelShouter.png", "image_url_small": "static/images/widget-icons/ChannelShouter.png", "singleton": false, "width": 400, "widget_version": null, "height": 400, "widget_url": "http://localhost:3000/channel_shouter.html", "widget_guid": "1c21142a-d50a-4bd9-a928-6f9d626fd3b7", "display_name": "Channel Shouter", "background": false, "universal_name": "org.owfgoss.owf.examples.ChannelShouter", "descriptor_url": null, "description": "Broadcast a message on a specified channel.", "mobile_ready": false}}, {"model": "widgets.widgetdefinition", "pk": 7, "fields": {"version": 1571934185, "visible": false, "image_url_medium": "static/images/widget-icons/ChannelListener.png", "image_url_small": "static/images/widget-icons/ChannelListener.png", "singleton": false, "width": 400, "widget_version": null, "height": 400, "widget_url": "http://localhost:3000/channel_listener.html", "widget_guid": "23134b74-5cec-499e-aeba-189f9af25ad6", "display_name": "Channel Listener", "background": false, "universal_name": "org.owfgoss.owf.examples.ChannelListener", "descriptor_url": null, "description": "Receive a message on a specified channel.", "mobile_ready": false}}, {"model": "widgets.widgetdefinition", "pk": 8, "fields": {"version": 1571935112, "visible": false, "image_url_medium": "static/images/widget-icons/ColorServer.png", "image_url_small": "static/images/widget-icons/ColorServer.png", "singleton": false, "width": 400, "widget_version": null, "height": 400, "widget_url": "http://localhost:3000/color_server.html", "widget_guid": "782d37fa-b9cc-4af6-a4da-98913aebdf0a", "display_name": "Color Server", "background": false, "universal_name": "org.owfgoss.owf.examples.ColorServer", "descriptor_url": null, "description": "Simple eventing example that works in tandem with Color Client.", "mobile_ready": false}}, {"model": "widgets.widgetdefinition", "pk": 9, "fields": {"version": 1571935188, "visible": false, "image_url_medium": "static/images/widget-icons/ColorClient.png", "image_url_small": "static/images/widget-icons/ColorClient.png", "singleton": false, "width": 400, "widget_version": null, "height": 400, "widget_url": "http://localhost:3000/color_client.html", "widget_guid": "6753483b-42a7-4b36-b87d-bdd97a253abf", "display_name": "Color Client", "background": false, "universal_name": "org.owfgoss.owf.examples.ColorClient", "descriptor_url": null, "description": "Simple eventing example that works in tandem with Color Server.", "mobile_ready": false}}, {"model": "widgets.widgetdefinition", "pk": 10, "fields": {"version": 1571935188, "visible": false, "image_url_medium": "static/images/widget-icons/WidgetLog.png", "image_url_small": "static/images/widget-icons/WidgetLog.png", "singleton": false, "width": 400, "widget_version": null, "height": 400, "widget_url": "http://localhost:3000/widget_search.html", "widget_guid": "0d9cf0fc-d2f5-4fa4-a3c5-235940aa334e", "display_name": "Widget Search", "background": false, "universal_name": "org.owfgoss.owf.examples.WidgetSearch", "descriptor_url": null, "description": "Display a list of the current widgets.", "mobile_ready": false}}, {"model": "widgets.widgetdefinition", "pk": 11, "fields": {"version": 1571935188, "visible": false, "image_url_medium": "static/images/widget-icons/Preferences.png", "image_url_small": "static/images/widget-icons/Preferences.png", "singleton": false, "width": 400, "widget_version": null, "height": 400, "widget_url": "http://localhost:3000/preferences.html", "widget_guid": "ddd85a2c-0388-4bec-9c91-b7cea0bf4007", "display_name": "Preferences", "background": false, "universal_name": "org.owfgoss.owf.examples.Preferences", "descriptor_url": null, "description": "Example that utilizes the Preferences API", "mobile_ready": false}}, {"model": "widgets.widgetdefinition", "pk": 12, "fields": {"version": 1571935188, "visible": false, "image_url_medium": "static/themes/common/images/widget-icons/EventMonitor.png", "image_url_small": "static/themes/common/images/widget-icons/EventMonitor.png", "singleton": false, "width": 500, "widget_version": null, "height": 600, "widget_url": "http://localhost:3000/event_monitor", "widget_guid": "ea98827a-bc0d-4712-8f6f-1b5912cfc5c1", "display_name": "Event Monitor Widget", "background": false, "universal_name": "org.owfgoss.owf.examples.EventMonitor", "descriptor_url": null, "description": "Example that utilizes the Eventing API.", "mobile_ready": false}}, {"model": "widgets.widgetdefinition", "pk": 13, "fields": {"version": 1571935189, "visible": false, "image_url_medium": "static/themes/common/images/widget-icons/NYSEStock.png", "image_url_small": "static/themes/common/images/widget-icons/NYSEStock.png", "singleton": false, "width": 825, "widget_version": null, "height": 437, "widget_url": "http://localhost:3000/nyse", "widget_guid": "afea4c11-2cd2-4c00-8356-16cd91fdbba8", "display_name": "NYSE Widget", "background": false, "universal_name": "org.owfgoss.owf.examples.NYSE", "descriptor_url": null, "description": "This app component displays the end of day report for the New York Stock Exchange.", "mobile_ready": false}}, {"model": "widgets.widgetdefinition", "pk": 14, "fields": {"version": 1571935189, "visible": false, "image_url_medium": "static/themes/common/images/widget-icons/PriceChart.png", "image_url_small": "static/themes/common/images/widget-icons/PriceChart.png", "singleton": false, "width": 800, "widget_version": null, "height": 600, "widget_url": "http://localhost:3000/stock_chart", "widget_guid": "e396ce7d-b55f-41cb-9fac-a1d9badeed72", "display_name": "Stock Chart", "background": false, "universal_name": "org.owfgoss.owf.examples.StockChart", "descriptor_url": null, "description": "This app component charts stock prices.", "mobile_ready": false}}, {"model": "widgets.widgetdefinition", "pk": 15, "fields": {"version": 1571935227, "visible": false, "image_url_medium": "static/themes/common/images/widget-icons/HTMLViewer.png", "image_url_small": "static/themes/common/images/widget-icons/HTMLViewer.png", "singleton": false, "width": 400, "widget_version": null, "height": 600, "widget_url": "http://localhost:3000/html_viewer", "widget_guid": "0218faf4-4f74-4c08-bda6-218a7b1c362b", "display_name": "HTML Viewer", "background": false, "universal_name": "org.owfgoss.owf.examples.HTMLViewer", "descriptor_url": null, "description": "This app component displays HTML.", "mobile_ready": false}}, {"model": "widgets.widgetdefinitionwidgettypes", "pk": 1, "fields": {"widget_definition": 6, "widget_type": 3}}, {"model": "widgets.widgetdefinitionwidgettypes", "pk": 2, "fields": {"widget_definition": 7, "widget_type": 3}}, {"model": "widgets.widgetdefinitionwidgettypes", "pk": 3, "fields": {"widget_definition": 8, "widget_type": 3}}, {"model": "widgets.widgetdefinitionwidgettypes", "pk": 4, "fields": {"widget_definition": 9, "widget_type": 3}}, {"model": "widgets.widgetdefinitionwidgettypes", "pk": 5, "fields": {"widget_definition": 10, "widget_type": 3}}, {"model": "widgets.widgetdefinitionwidgettypes", "pk": 6, "fields": {"widget_definition": 11, "widget_type": 3}}, {"model": "widgets.widgetdefinitionwidgettypes", "pk": 7, "fields": {"widget_definition": 12, "widget_type": 3}}, {"model": "widgets.widgetdefinitionwidgettypes", "pk": 8, "fields": {"widget_definition": 13, "widget_type": 3}}, {"model": "widgets.widgetdefinitionwidgettypes", "pk": 9, "fields": {"widget_definition": 14, "widget_type": 3}}, {"model": "widgets.widgetdefinitionwidgettypes", "pk": 10, "fields": {"widget_definition": 15, "widget_type": 3}}, {"model": "widgets.widgetdefinitionwidgettypes", "pk": 11, "fields": {"widget_definition": 1, "widget_type": 2}}, {"model": "widgets.widgetdefinitionwidgettypes", "pk": 12, "fields": {"widget_definition": 2, "widget_type": 2}}, {"model": "widgets.widgetdefinitionwidgettypes", "pk": 13, "fields": {"widget_definition": 3, "widget_type": 2}}, {"model": "widgets.widgetdefinitionwidgettypes", "pk": 14, "fields": {"widget_definition": 4, "widget_type": 2}}, {"model": "widgets.widgetdefinitionwidgettypes", "pk": 15, "fields": {"widget_definition": 5, "widget_type": 2}}, {"model": "dashboards.dashboard", "pk": 1, "fields": {"version": 1, "isdefault": false, "dashboard_position": 1, "altered_by_admin": false, "guid": "ef8b5d6f-4b16-4743-9a57-31683c94b698", "name": "test_dashboard", "user": 1, "description": "testdash1", "created_by": 1, "created_date": "2019-08-13T18:22:05Z", "edited_by": 1, "edited_date": "2019-08-13T18:22:10Z", "layout_config": "\"{\r\n        \\\"backgroundWidgets\\\":[\r\n\r\n        ],\r\n        \\\"panels\\\":[\r\n\r\n        ],\r\n        \\\"tree\\\":null\r\n      }\"", "locked": false, "stack": 1, "type": "None", "icon_image_url": "None", "published_to_store": false, "marked_for_deletion": false}}, {"model": "dashboards.dashboard", "pk": 2, "fields": {"version": 1, "isdefault": false, "dashboard_position": 1, "altered_by_admin": false, "guid": "ef8b5d6f-4b16-4743-9a57-31683c00000000", "name": "test_dashboard", "user": 1, "description": "testdash1", "created_by": 1, "created_date": "2019-08-13T18:22:05Z", "edited_by": 1, "edited_date": "2019-08-13T18:22:10Z", "layout_config": "\"{\r\n        \\\"backgroundWidgets\\\":[\r\n\r\n        ],\r\n        \\\"panels\\\":[\r\n\r\n        ],\r\n        \\\"tree\\\":null\r\n      }\"", "locked": false, "stack": 1, "type": "None", "icon_image_url": "None", "published_to_store": false, "marked_for_deletion": false}}, {"model": "dashboards.dashboard", "pk": 3, "fields": {"version": 1, "isdefault": false, "dashboard_position": 1, "altered_by_admin": false, "guid": "ef8b5d6f-4b16-4743-9a57-31683c94100100", "name": "test_dashboard", "user": 1, "description": "testdash1", "created_by": 1, "created_date": "2019-08-13T18:22:05Z", "edited_by": 1, "edited_date": "2019-08-13T18:22:10Z", "layout_config": "\"{\r\n        \\\"backgroundWidgets\\\":[\r\n\r\n        ],\r\n        \\\"panels\\\":[\r\n\r\n        ],\r\n        \\\"tree\\\":null\r\n      }\"", "locked": false, "stack": 1, "type": "None", "icon_image_url": "None", "published_to_store": false, "marked_for_deletion": false}}, {"model": "dashboards.dashboard", "pk": 4, "fields": {"version": 1, "isdefault": false, "dashboard_position": 1, "altered_by_admin": false, "guid": "ef8b5d6f-4b16-4743-9a57-31683c941001009", "name": "test_dashboard", "user": 1, "description": "testdash1", "created_by": 1, "created_date": "2019-08-13T18:22:05Z", "edited_by": 1, "edited_date": "2019-08-13T18:22:10Z", "layout_config": "\"{\r\n        \\\"backgroundWidgets\\\":[\r\n\r\n        ],\r\n        \\\"panels\\\":[\r\n\r\n        ],\r\n        \\\"tree\\\":null\r\n      }\"", "locked": false, "stack": 1, "type": "None", "icon_image_url": "None", "published_to_store": false, "marked_for_deletion": false}}, {"model": "dashboards.dashboard", "pk": 5, "fields": {"version": 1571180762, "isdefault": false, "dashboard_position": 0, "altered_by_admin": false, "guid": "48760ac7-c52a-401a-a4e3-3b16cc89b69c", "name": "Administration", "user": null, "description": null, "created_by": null, "created_date": "2019-10-15T23:06:02.674Z", "edited_by": null, "edited_date": null, "layout_config": "", "locked": false, "stack": 3, "type": null, "icon_image_url": null, "published_to_store": false, "marked_for_deletion": false}}, {"model": "dashboards.dashboard", "pk": 6, "fields": {"version": 1571180762, "isdefault": false, "dashboard_position": 0, "altered_by_admin": false, "guid": "fbcd7ac2-8eca-47b9-8e39-410ac79b26b1", "name": "Administration", "user": 1, "description": null, "created_by": null, "created_date": "2019-10-15T23:06:02.676Z", "edited_by": null, "edited_date": null, "layout_config": "", "locked": false, "stack": 3, "type": null, "icon_image_url": null, "published_to_store": false, "marked_for_deletion": false}}, {"model": "preferences.preference", "pk": 1, "fields": {"version": 1, "value": "a9bf8e71-692d-44e3-a465-5337ce5e725e", "path": "guide_to_launch", "user": 1, "namespace": "owf.admin.UserEditCopy"}}, {"model": "preferences.preference", "pk": 2, "fields": {"version": 1571152042, "value": "679294b3-ccc3-4ace-a061-e3f27ed86451", "path": "guide_to_launch", "user": 1, "namespace": "owf.admin.WidgetEditCopy"}}, {"model": "preferences.preference", "pk": 3, "fields": {"version": 1571152074, "value": "dc5c2062-aaa8-452b-897f-60b4b55ab564", "path": "guide_to_launch", "user": 1, "namespace": "owf.admin.GroupEditCopy"}}, {"model": "preferences.preference", "pk": 4, "fields": {"version": 1571152105, "value": "2445afb9-eb3f-4b79-acf8-6b12180921c3", "path": "guide_to_launch", "user": 1, "namespace": "owf.admin.DashboardEditCopy"}}, {"model": "preferences.preference", "pk": 5, "fields": {"version": 1571152128, "value": "72c382a3-89e7-4abf-94db-18db7779e1d", "path": "guide_to_launch", "user": 1, "namespace": "owf.admin.StackEditCopy"}}, {"model": "appconf.applicationconfiguration", "pk": 1, "fields": {"version": 1, "created_by": 1, "created_date": "2019-08-29", "edited_by": 1, "edited_date": "2019-08-29", "code": "owf.enable.cef.logging", "value": "false", "title": "Enable CEF Logging", "description": "None", "type": "Boolean", "group_name": "AUDITING", "sub_group_name": "None", "mutable": true, "sub_group_order": 1, "help": "help"}}, {"model": "appconf.applicationconfiguration", "pk": 2, "fields": {"version": 1571150728, "created_by": null, "created_date": "2019-10-15", "edited_by": null, "edited_date": "2019-10-15", "code": "owf.enable.cef.object.access.logging", "value": "flase", "title": "Enable CEF Object Access Logging", "description": null, "type": "Boolean", "group_name": "AUDITING", "sub_group_name": null, "mutable": false, "sub_group_order": 2, "help": null}}, {"model": "appconf.applicationconfiguration", "pk": 3, "fields": {"version": 1571150721, "created_by": null, "created_date": "2019-10-15", "edited_by": null, "edited_date": "2019-10-15", "code": "owf.enable.cef.log.sweep", "value": "flase", "title": "Enable CEF Sweep Log", "description": null, "type": "Boolean", "group_name": "AUDITING", "sub_group_name": null, "mutable": false, "sub_group_order": 3, "help": null}}, {"model": "appconf.applicationconfiguration", "pk": 4, "fields": {"version": 1571150699, "created_by": null, "created_date": "2019-10-15", "edited_by": null, "edited_date": "2019-10-15", "code": "owf.cef.log.location", "value": "/usr/share/tomcat6", "title": "CEF Log Location", "description": null, "type": "String", "group_name": "AUDITING", "sub_group_name": null, "mutable": false, "sub_group_order": 4, "help": null}}, {"model": "appconf.applicationconfiguration", "pk": 5, "fields": {"version": 1571150838, "created_by": null, "created_date": "2019-10-15", "edited_by": null, "edited_date": "2019-10-15", "code": "owf.cef.sweep.log.location", "value": "/var/log/cef", "title": "CEF Sweep Log Location", "description": null, "type": "String", "group_name": "AUDITING", "sub_group_name": null, "mutable": false, "sub_group_order": 5, "help": null}}, {"model": "appconf.applicationconfiguration", "pk": 6, "fields": {"version": 1571150885, "created_by": null, "created_date": "2019-10-15", "edited_by": null, "edited_date": "2019-10-15", "code": "owf.security.level", "value": "null", "title": "Security Level", "description": null, "type": "String", "group_name": "AUDITING", "sub_group_name": null, "mutable": false, "sub_group_order": 6, "help": null}}, {"model": "appconf.applicationconfiguration", "pk": 7, "fields": {"version": 1571150952, "created_by": null, "created_date": "2019-10-15", "edited_by": null, "edited_date": "2019-10-15", "code": "owf.session.control.enabled", "value": "flase", "title": "Enable Session Control", "description": null, "type": "Boolean", "group_name": "USER_ACCOUNT_SETTINGS", "sub_group_name": "Session Control", "mutable": false, "sub_group_order": 1, "help": null}}, {"model": "appconf.applicationconfiguration", "pk": 8, "fields": {"version": 1571151010, "created_by": null, "created_date": "2019-10-15", "edited_by": null, "edited_date": "2019-10-15", "code": "owf.session.control.max.concurrent", "value": "1", "title": "Max Concurrent Sessions", "description": null, "type": "Integer", "group_name": "USER_ACCOUNT_SETTINGS", "sub_group_name": "Session Control", "mutable": false, "sub_group_order": 2, "help": null}}, {"model": "appconf.applicationconfiguration", "pk": 9, "fields": {"version": 1571151063, "created_by": null, "created_date": "2019-10-15", "edited_by": null, "edited_date": "2019-10-15", "code": "owf.disable.inactive.accounts", "value": "true", "title": "Disable Inactive Accounts", "description": null, "type": "Boolean", "group_name": "USER_ACCOUNT_SETTINGS", "sub_group_name": "Inactive Accounts", "mutable": false, "sub_group_order": 1, "help": null}}, {"model": "appconf.applicationconfiguration", "pk": 10, "fields": {"version": 1571151113, "created_by": null, "created_date": "2019-10-15", "edited_by": null, "edited_date": "2019-10-15", "code": "owf.inactivity.threshold", "value": "90", "title": "Account Inactivity Threshold", "description": null, "type": "Integer", "group_name": "USER_ACCOUNT_SETTINGS", "sub_group_name": "Inactive Accounts", "mutable": false, "sub_group_order": 2, "help": null}}, {"model": "appconf.applicationconfiguration", "pk": 11, "fields": {"version": 1571151178, "created_by": null, "created_date": "2019-10-15", "edited_by": null, "edited_date": "2019-10-15", "code": "owf.job.disable.accounts.start.time", "value": "23:59:59", "title": "Disable Accounts Job Start Time", "description": null, "type": "String", "group_name": "HIDDEN", "sub_group_name": null, "mutable": false, "sub_group_order": 1, "help": null}}, {"model": "appconf.applicationconfiguration", "pk": 12, "fields": {"version": 1571151224, "created_by": null, "created_date": "2019-10-15", "edited_by": null, "edited_date": "2019-10-15", "code": "owf.job.disable.accounts.interval", "value": "1440", "title": "Disable Accounts Job Interval", "description": null, "type": "Integer", "group_name": "HIDDEN", "sub_group_name": null, "mutable": false, "sub_group_order": 2, "help": null}}, {"model": "appconf.applicationconfiguration", "pk": 13, "fields": {"version": 1571151280, "created_by": null, "created_date": "2019-10-15", "edited_by": null, "edited_date": "2019-10-15", "code": "free.warning.content", "value": "null", "title": "Warning Banner Content", "description": null, "type": "String", "group_name": "BRANDING", "sub_group_name": null, "mutable": false, "sub_group_order": 1, "help": null}}, {"model": "appconf.applicationconfiguration", "pk": 14, "fields": {"version": 1571151336, "created_by": null, "created_date": "2019-10-15", "edited_by": null, "edited_date": "2019-10-15", "code": "owf.custom.background.url", "value": null, "title": "Custom Background URL", "description": null, "type": "String", "group_name": "BRANDING", "sub_group_name": "Custom Background", "mutable": false, "sub_group_order": 1, "help": null}}, {"model": "appconf.applicationconfiguration", "pk": 15, "fields": {"version": 1571151419, "created_by": null, "created_date": "2019-10-15", "edited_by": null, "edited_date": "2019-10-15", "code": "owf.custom.header.url", "value": "null", "title": "Custom Header URL", "description": null, "type": "String", "group_name": "BRANDING", "sub_group_name": "Custom Header and Footer", "mutable": false, "sub_group_order": 1, "help": null}}, {"model": "appconf.applicationconfiguration", "pk": 16, "fields": {"version": 1571151480, "created_by": null, "created_date": "2019-10-15", "edited_by": null, "edited_date": "2019-10-15", "code": "owf.custom.header.height", "value": "0", "title": "Custom Header Height", "description": null, "type": "Integer", "group_name": "BRANDING", "sub_group_name": "Custom Header and Footer", "mutable": false, "sub_group_order": 2, "help": null}}, {"model": "appconf.applicationconfiguration", "pk": 17, "fields": {"version": 1571151527, "created_by": null, "created_date": "2019-10-15", "edited_by": null, "edited_date": "2019-10-15", "code": "owf.custom.footer.url", "value": "null", "title": "Custom Footer URL", "description": null, "type": "String", "group_name": "BRANDING", "sub_group_name": "Custom Header and Footer", "mutable": false, "sub_group_order": 3, "help": null}}, {"model": "appconf.applicationconfiguration", "pk": 18, "fields": {"version": 1571151577, "created_by": null, "created_date": "2019-10-15", "edited_by": null, "edited_date": "2019-10-15", "code": "owf.custom.footer.height", "value": "0", "title": "Custom Footer Height", "description": null, "type": "Integer", "group_name": "BRANDING", "sub_group_name": "Custom Header and Footer", "mutable": false, "sub_group_order": 4, "help": null}}, {"model": "appconf.applicationconfiguration", "pk": 19, "fields": {"version": 1571151611, "created_by": null, "created_date": "2019-10-15", "edited_by": null, "edited_date": "2019-10-15", "code": "owf.custom.css", "value": "null", "title": "Custom CSS", "description": null, "type": "String", "group_name": "BRANDING", "sub_group_name": "Custom Header and Footer", "mutable": false, "sub_group_order": 5, "help": null}}, {"model": "appconf.applicationconfiguration", "pk": 20, "fields": {"version": 1571151650, "created_by": null, "created_date": "2019-10-15", "edited_by": null, "edited_date": "2019-10-15", "code": "owf.custom.jss", "value": "null", "title": "Custom Javascript", "description": null, "type": "String", "group_name": "BRANDING", "sub_group_name": "Custom Header and Footer", "mutable": false, "sub_group_order": 6, "help": null}}, {"model": "owf_groups.owfgrouppeople", "pk": 1, "fields": {"group": 1, "person": 1}}, {"model": "owf_groups.owfgrouppeople", "pk": 2, "fields": {"group": 1, "person": 2}}, {"model": "owf_groups.owfgrouppeople", "pk": 4, "fields": {"group": 7, "person": 1}}, {"model": "auth.permission", "pk": 1, "fields": {"name": "Can add log entry", "content_type": 1, "codename": "add_logentry"}}, {"model": "auth.permission", "pk": 2, "fields": {"name": "Can change log entry", "content_type": 1, "codename": "change_logentry"}}, {"model": "auth.permission", "pk": 3, "fields": {"name": "Can delete log entry", "content_type": 1, "codename": "delete_logentry"}}, {"model": "auth.permission", "pk": 4, "fields": {"name": "Can view log entry", "content_type": 1, "codename": "view_logentry"}}, {"model": "auth.permission", "pk": 5, "fields": {"name": "Can add permission", "content_type": 2, "codename": "add_permission"}}, {"model": "auth.permission", "pk": 6, "fields": {"name": "Can change permission", "content_type": 2, "codename": "change_permission"}}, {"model": "auth.permission", "pk": 7, "fields": {"name": "Can delete permission", "content_type": 2, "codename": "delete_permission"}}, {"model": "auth.permission", "pk": 8, "fields": {"name": "Can view permission", "content_type": 2, "codename": "view_permission"}}, {"model": "auth.permission", "pk": 9, "fields": {"name": "Can add group", "content_type": 3, "codename": "add_group"}}, {"model": "auth.permission", "pk": 10, "fields": {"name": "Can change group", "content_type": 3, "codename": "change_group"}}, {"model": "auth.permission", "pk": 11, "fields": {"name": "Can delete group", "content_type": 3, "codename": "delete_group"}}, {"model": "auth.permission", "pk": 12, "fields": {"name": "Can view group", "content_type": 3, "codename": "view_group"}}, {"model": "auth.permission", "pk": 13, "fields": {"name": "Can add content type", "content_type": 4, "codename": "add_contenttype"}}, {"model": "auth.permission", "pk": 14, "fields": {"name": "Can change content type", "content_type": 4, "codename": "change_contenttype"}}, {"model": "auth.permission", "pk": 15, "fields": {"name": "Can delete content type", "content_type": 4, "codename": "delete_contenttype"}}, {"model": "auth.permission", "pk": 16, "fields": {"name": "Can view content type", "content_type": 4, "codename": "view_contenttype"}}, {"model": "auth.permission", "pk": 17, "fields": {"name": "Can add session", "content_type": 5, "codename": "add_session"}}, {"model": "auth.permission", "pk": 18, "fields": {"name": "Can change session", "content_type": 5, "codename": "change_session"}}, {"model": "auth.permission", "pk": 19, "fields": {"name": "Can delete session", "content_type": 5, "codename": "delete_session"}}, {"model": "auth.permission", "pk": 20, "fields": {"name": "Can view session", "content_type": 5, "codename": "view_session"}}, {"model": "auth.permission", "pk": 21, "fields": {"name": "Can add domain mapping", "content_type": 6, "codename": "add_domainmapping"}}, {"model": "auth.permission", "pk": 22, "fields": {"name": "Can change domain mapping", "content_type": 6, "codename": "change_domainmapping"}}, {"model": "auth.permission", "pk": 23, "fields": {"name": "Can delete domain mapping", "content_type": 6, "codename": "delete_domainmapping"}}, {"model": "auth.permission", "pk": 24, "fields": {"name": "Can view domain mapping", "content_type": 6, "codename": "view_domainmapping"}}, {"model": "auth.permission", "pk": 25, "fields": {"name": "Can add intent", "content_type": 7, "codename": "add_intent"}}, {"model": "auth.permission", "pk": 26, "fields": {"name": "Can change intent", "content_type": 7, "codename": "change_intent"}}, {"model": "auth.permission", "pk": 27, "fields": {"name": "Can delete intent", "content_type": 7, "codename": "delete_intent"}}, {"model": "auth.permission", "pk": 28, "fields": {"name": "Can view intent", "content_type": 7, "codename": "view_intent"}}, {"model": "auth.permission", "pk": 29, "fields": {"name": "Can add intent data type", "content_type": 8, "codename": "add_intentdatatype"}}, {"model": "auth.permission", "pk": 30, "fields": {"name": "Can change intent data type", "content_type": 8, "codename": "change_intentdatatype"}}, {"model": "auth.permission", "pk": 31, "fields": {"name": "Can delete intent data type", "content_type": 8, "codename": "delete_intentdatatype"}}, {"model": "auth.permission", "pk": 32, "fields": {"name": "Can view intent data type", "content_type": 8, "codename": "view_intentdatatype"}}, {"model": "auth.permission", "pk": 33, "fields": {"name": "Can add intent data types", "content_type": 9, "codename": "add_intentdatatypes"}}, {"model": "auth.permission", "pk": 34, "fields": {"name": "Can change intent data types", "content_type": 9, "codename": "change_intentdatatypes"}}, {"model": "auth.permission", "pk": 35, "fields": {"name": "Can delete intent data types", "content_type": 9, "codename": "delete_intentdatatypes"}}, {"model": "auth.permission", "pk": 36, "fields": {"name": "Can view intent data types", "content_type": 9, "codename": "view_intentdatatypes"}}, {"model": "auth.permission", "pk": 37, "fields": {"name": "Can add owf group", "content_type": 10, "codename": "add_owfgroup"}}, {"model": "auth.permission", "pk": 38, "fields": {"name": "Can change owf group", "content_type": 10, "codename": "change_owfgroup"}}, {"model": "auth.permission", "pk": 39, "fields": {"name": "Can delete owf group", "content_type": 10, "codename": "delete_owfgroup"}}, {"model": "auth.permission", "pk": 40, "fields": {"name": "Can view owf group", "content_type": 10, "codename": "view_owfgroup"}}, {"model": "auth.permission", "pk": 41, "fields": {"name": "Can add owf group people", "content_type": 11, "codename": "add_owfgrouppeople"}}, {"model": "auth.permission", "pk": 42, "fields": {"name": "Can change owf group people", "content_type": 11, "codename": "change_owfgrouppeople"}}, {"model": "auth.permission", "pk": 43, "fields": {"name": "Can delete owf group people", "content_type": 11, "codename": "delete_owfgrouppeople"}}, {"model": "auth.permission", "pk": 44, "fields": {"name": "Can view owf group people", "content_type": 11, "codename": "view_owfgrouppeople"}}, {"model": "auth.permission", "pk": 45, "fields": {"name": "Can add person", "content_type": 12, "codename": "add_person"}}, {"model": "auth.permission", "pk": 46, "fields": {"name": "Can change person", "content_type": 12, "codename": "change_person"}}, {"model": "auth.permission", "pk": 47, "fields": {"name": "Can delete person", "content_type": 12, "codename": "delete_person"}}, {"model": "auth.permission", "pk": 48, "fields": {"name": "Can view person", "content_type": 12, "codename": "view_person"}}, {"model": "auth.permission", "pk": 49, "fields": {"name": "Can add person role", "content_type": 13, "codename": "add_personrole"}}, {"model": "auth.permission", "pk": 50, "fields": {"name": "Can change person role", "content_type": 13, "codename": "change_personrole"}}, {"model": "auth.permission", "pk": 51, "fields": {"name": "Can delete person role", "content_type": 13, "codename": "delete_personrole"}}, {"model": "auth.permission", "pk": 52, "fields": {"name": "Can view person role", "content_type": 13, "codename": "view_personrole"}}, {"model": "auth.permission", "pk": 53, "fields": {"name": "Can add person widget definition", "content_type": 14, "codename": "add_personwidgetdefinition"}}, {"model": "auth.permission", "pk": 54, "fields": {"name": "Can change person widget definition", "content_type": 14, "codename": "change_personwidgetdefinition"}}, {"model": "auth.permission", "pk": 55, "fields": {"name": "Can delete person widget definition", "content_type": 14, "codename": "delete_personwidgetdefinition"}}, {"model": "auth.permission", "pk": 56, "fields": {"name": "Can view person widget definition", "content_type": 14, "codename": "view_personwidgetdefinition"}}, {"model": "auth.permission", "pk": 57, "fields": {"name": "Can add role", "content_type": 15, "codename": "add_role"}}, {"model": "auth.permission", "pk": 58, "fields": {"name": "Can change role", "content_type": 15, "codename": "change_role"}}, {"model": "auth.permission", "pk": 59, "fields": {"name": "Can delete role", "content_type": 15, "codename": "delete_role"}}, {"model": "auth.permission", "pk": 60, "fields": {"name": "Can view role", "content_type": 15, "codename": "view_role"}}, {"model": "auth.permission", "pk": 61, "fields": {"name": "Can add stack", "content_type": 16, "codename": "add_stack"}}, {"model": "auth.permission", "pk": 62, "fields": {"name": "Can change stack", "content_type": 16, "codename": "change_stack"}}, {"model": "auth.permission", "pk": 63, "fields": {"name": "Can delete stack", "content_type": 16, "codename": "delete_stack"}}, {"model": "auth.permission", "pk": 64, "fields": {"name": "Can view stack", "content_type": 16, "codename": "view_stack"}}, {"model": "auth.permission", "pk": 65, "fields": {"name": "Can add stack groups", "content_type": 17, "codename": "add_stackgroups"}}, {"model": "auth.permission", "pk": 66, "fields": {"name": "Can change stack groups", "content_type": 17, "codename": "change_stackgroups"}}, {"model": "auth.permission", "pk": 67, "fields": {"name": "Can delete stack groups", "content_type": 17, "codename": "delete_stackgroups"}}, {"model": "auth.permission", "pk": 68, "fields": {"name": "Can view stack groups", "content_type": 17, "codename": "view_stackgroups"}}, {"model": "auth.permission", "pk": 69, "fields": {"name": "Can add widget definition", "content_type": 18, "codename": "add_widgetdefinition"}}, {"model": "auth.permission", "pk": 70, "fields": {"name": "Can change widget definition", "content_type": 18, "codename": "change_widgetdefinition"}}, {"model": "auth.permission", "pk": 71, "fields": {"name": "Can delete widget definition", "content_type": 18, "codename": "delete_widgetdefinition"}}, {"model": "auth.permission", "pk": 72, "fields": {"name": "Can view widget definition", "content_type": 18, "codename": "view_widgetdefinition"}}, {"model": "auth.permission", "pk": 73, "fields": {"name": "Can add widget def intent", "content_type": 19, "codename": "add_widgetdefintent"}}, {"model": "auth.permission", "pk": 74, "fields": {"name": "Can change widget def intent", "content_type": 19, "codename": "change_widgetdefintent"}}, {"model": "auth.permission", "pk": 75, "fields": {"name": "Can delete widget def intent", "content_type": 19, "codename": "delete_widgetdefintent"}}, {"model": "auth.permission", "pk": 76, "fields": {"name": "Can view widget def intent", "content_type": 19, "codename": "view_widgetdefintent"}}, {"model": "auth.permission", "pk": 77, "fields": {"name": "Can add widget type", "content_type": 20, "codename": "add_widgettype"}}, {"model": "auth.permission", "pk": 78, "fields": {"name": "Can change widget type", "content_type": 20, "codename": "change_widgettype"}}, {"model": "auth.permission", "pk": 79, "fields": {"name": "Can delete widget type", "content_type": 20, "codename": "delete_widgettype"}}, {"model": "auth.permission", "pk": 80, "fields": {"name": "Can view widget type", "content_type": 20, "codename": "view_widgettype"}}, {"model": "auth.permission", "pk": 81, "fields": {"name": "Can add widget def intent data types", "content_type": 21, "codename": "add_widgetdefintentdatatypes"}}, {"model": "auth.permission", "pk": 82, "fields": {"name": "Can change widget def intent data types", "content_type": 21, "codename": "change_widgetdefintentdatatypes"}}, {"model": "auth.permission", "pk": 83, "fields": {"name": "Can delete widget def intent data types", "content_type": 21, "codename": "delete_widgetdefintentdatatypes"}}, {"model": "auth.permission", "pk": 84, "fields": {"name": "Can view widget def intent data types", "content_type": 21, "codename": "view_widgetdefintentdatatypes"}}, {"model": "auth.permission", "pk": 85, "fields": {"name": "Can add widget definition widget types", "content_type": 22, "codename": "add_widgetdefinitionwidgettypes"}}, {"model": "auth.permission", "pk": 86, "fields": {"name": "Can change widget definition widget types", "content_type": 22, "codename": "change_widgetdefinitionwidgettypes"}}, {"model": "auth.permission", "pk": 87, "fields": {"name": "Can delete widget definition widget types", "content_type": 22, "codename": "delete_widgetdefinitionwidgettypes"}}, {"model": "auth.permission", "pk": 88, "fields": {"name": "Can view widget definition widget types", "content_type": 22, "codename": "view_widgetdefinitionwidgettypes"}}, {"model": "auth.permission", "pk": 89, "fields": {"name": "Can add dashboard", "content_type": 23, "codename": "add_dashboard"}}, {"model": "auth.permission", "pk": 90, "fields": {"name": "Can change dashboard", "content_type": 23, "codename": "change_dashboard"}}, {"model": "auth.permission", "pk": 91, "fields": {"name": "Can delete dashboard", "content_type": 23, "codename": "delete_dashboard"}}, {"model": "auth.permission", "pk": 92, "fields": {"name": "Can view dashboard", "content_type": 23, "codename": "view_dashboard"}}, {"model": "auth.permission", "pk": 93, "fields": {"name": "Can add preference", "content_type": 24, "codename": "add_preference"}}, {"model": "auth.permission", "pk": 94, "fields": {"name": "Can change preference", "content_type": 24, "codename": "change_preference"}}, {"model": "auth.permission", "pk": 95, "fields": {"name": "Can delete preference", "content_type": 24, "codename": "delete_preference"}}, {"model": "auth.permission", "pk": 96, "fields": {"name": "Can view preference", "content_type": 24, "codename": "view_preference"}}, {"model": "auth.permission", "pk": 97, "fields": {"name": "Can add application configuration", "content_type": 25, "codename": "add_applicationconfiguration"}}, {"model": "auth.permission", "pk": 98, "fields": {"name": "Can change application configuration", "content_type": 25, "codename": "change_applicationconfiguration"}}, {"model": "auth.permission", "pk": 99, "fields": {"name": "Can delete application configuration", "content_type": 25, "codename": "delete_applicationconfiguration"}}, {"model": "auth.permission", "pk": 100, "fields": {"name": "Can view application configuration", "content_type": 25, "codename": "view_applicationconfiguration"}}, {"model": "admin.logentry", "pk": 1, "fields": {"action_time": "2019-10-23T22:27:28.891Z", "user": 1, "content_type": 22, "object_id": "1", "object_repr": "WidgetDefinitionWidgetTypes object (1)", "action_flag": 1, "change_message": "[{\"added\": {}}]"}}, {"model": "admin.logentry", "pk": 2, "fields": {"action_time": "2019-10-23T22:29:30.230Z", "user": 1, "content_type": 22, "object_id": "2", "object_repr": "WidgetDefinitionWidgetTypes object (2)", "action_flag": 1, "change_message": "[{\"added\": {}}]"}}, {"model": "admin.logentry", "pk": 3, "fields": {"action_time": "2019-10-24T16:23:05.371Z", "user": 1, "content_type": 18, "object_id": "7", "object_repr": "Channel Listener", "action_flag": 2, "change_message": "[{\"changed\": {\"fields\": [\"widget_url\"]}}]"}}]