[
{
    "model": "domain_mappings.domainmapping",
    "pk": 1,
    "fields": {
        "version": 0,
        "src_id": 2,
        "src_type": "group",
        "relationship_type": "owns",
        "dest_id": 1,
        "dest_type": "widget_definition"
    }
},
{
    "model": "domain_mappings.domainmapping",
    "pk": 5,
    "fields": {
        "version": 1571857697,
        "src_id": 2,
        "src_type": "group",
        "relationship_type": "owns",
        "dest_id": 2,
        "dest_type": "widget_definition"
    }
},
{
    "model": "domain_mappings.domainmapping",
    "pk": 6,
    "fields": {
        "version": 1571857697,
        "src_id": 2,
        "src_type": "group",
        "relationship_type": "owns",
        "dest_id": 3,
        "dest_type": "widget_definition"
    }
},
{
    "model": "domain_mappings.domainmapping",
    "pk": 7,
    "fields": {
        "version": 1571857697,
        "src_id": 2,
        "src_type": "group",
        "relationship_type": "owns",
        "dest_id": 4,
        "dest_type": "widget_definition"
    }
},
{
    "model": "domain_mappings.domainmapping",
    "pk": 8,
    "fields": {
        "version": 1571857697,
        "src_id": 2,
        "src_type": "group",
        "relationship_type": "owns",
        "dest_id": 5,
        "dest_type": "widget_definition"
    }
},
{
    "model": "domain_mappings.domainmapping",
    "pk": 9,
    "fields": {
        "version": 1573767006,
        "src_id": 1,
        "src_type": "group",
        "relationship_type": "owns",
        "dest_id": 6,
        "dest_type": "widget_definition"
    }
},
{
    "model": "domain_mappings.domainmapping",
    "pk": 10,
    "fields": {
        "version": 1573767006,
        "src_id": 1,
        "src_type": "group",
        "relationship_type": "owns",
        "dest_id": 7,
        "dest_type": "widget_definition"
    }
},
{
    "model": "domain_mappings.domainmapping",
    "pk": 11,
    "fields": {
        "version": 1573767006,
        "src_id": 1,
        "src_type": "group",
        "relationship_type": "owns",
        "dest_id": 8,
        "dest_type": "widget_definition"
    }
},
{
    "model": "domain_mappings.domainmapping",
    "pk": 12,
    "fields": {
        "version": 1573767006,
        "src_id": 1,
        "src_type": "group",
        "relationship_type": "owns",
        "dest_id": 9,
        "dest_type": "widget_definition"
    }
},
{
    "model": "domain_mappings.domainmapping",
    "pk": 13,
    "fields": {
        "version": 1573767006,
        "src_id": 1,
        "src_type": "group",
        "relationship_type": "owns",
        "dest_id": 10,
        "dest_type": "widget_definition"
    }
},
{
    "model": "domain_mappings.domainmapping",
    "pk": 14,
    "fields": {
        "version": 1573767006,
        "src_id": 1,
        "src_type": "group",
        "relationship_type": "owns",
        "dest_id": 11,
        "dest_type": "widget_definition"
    }
},
{
    "model": "domain_mappings.domainmapping",
    "pk": 19,
    "fields": {
        "version": 1573784788,
        "src_id": 3,
        "src_type": "group",
        "relationship_type": "owns",
        "dest_id": 1,
        "dest_type": "dashboard"
    }
},
{
    "model": "domain_mappings.domainmapping",
    "pk": 20,
    "fields": {
        "version": 1573784788,
        "src_id": 2,
        "src_type": "dashboard",
        "relationship_type": "cloneOf",
        "dest_id": 1,
        "dest_type": "dashboard"
    }
},
{
    "model": "domain_mappings.domainmapping",
    "pk": 21,
    "fields": {
        "version": 1573784840,
        "src_id": 4,
        "src_type": "group",
        "relationship_type": "owns",
        "dest_id": 3,
        "dest_type": "dashboard"
    }
},
{
    "model": "domain_mappings.domainmapping",
    "pk": 22,
    "fields": {
        "version": 1573784840,
        "src_id": 4,
        "src_type": "dashboard",
        "relationship_type": "cloneOf",
        "dest_id": 3,
        "dest_type": "dashboard"
    }
},
{
    "model": "domain_mappings.domainmapping",
    "pk": 23,
    "fields": {
        "version": 1581456055,
        "src_id": 1,
        "src_type": "group",
        "relationship_type": "owns",
        "dest_id": 12,
        "dest_type": "widget_definition"
    }
},
{
    "model": "domain_mappings.domainmapping",
    "pk": 24,
    "fields": {
        "version": 1581456412,
        "src_id": 1,
        "src_type": "group",
        "relationship_type": "owns",
        "dest_id": 13,
        "dest_type": "widget_definition"
    }
},
{
    "model": "intents.intent",
    "pk": 1,
    "fields": {
        "version": 1581452033,
        "action": "iss"
    }
},
{
    "model": "intents.intentdatatype",
    "pk": 1,
    "fields": {
        "version": 1581452062,
        "data_type": "application/json"
    }
},
{
    "model": "intents.intentdatatypes",
    "pk": 1,
    "fields": {
        "intent_data_type": 1,
        "intent": 1
    }
},
{
    "model": "owf_groups.owfgroup",
    "pk": 1,
    "fields": {
        "version": 1,
        "status": "active",
        "email": "admin@goss.com",
        "description": "Description for OWF Users",
        "name": "OWF Users",
        "automatic": false,
        "display_name": "OWF Users",
        "stack_default": false
    }
},
{
    "model": "owf_groups.owfgroup",
    "pk": 2,
    "fields": {
        "version": 1,
        "status": "active",
        "email": "admin@goss.com",
        "description": "Description for OWF Administrators",
        "name": "OWF Administrators",
        "automatic": false,
        "display_name": "OWF Administrators",
        "stack_default": false
    }
},
{
    "model": "owf_groups.owfgroup",
    "pk": 3,
    "fields": {
        "version": 1573784788,
        "status": "active",
        "email": null,
        "description": null,
        "name": "4050cf13-e732-413f-9883-f2dc5e061184",
        "automatic": false,
        "display_name": "4050cf13-e732-413f-9883-f2dc5e061184",
        "stack_default": true
    }
},
{
    "model": "owf_groups.owfgroup",
    "pk": 4,
    "fields": {
        "version": 1573784840,
        "status": "active",
        "email": null,
        "description": null,
        "name": "5c29c5a2-a5fc-4116-b90a-3c5bb08cb91f",
        "automatic": false,
        "display_name": "5c29c5a2-a5fc-4116-b90a-3c5bb08cb91f",
        "stack_default": true
    }
},
{
    "model": "people.person",
    "pk": 1,
    "fields": {
        "password": "pbkdf2_sha256$150000$gdZ6UnreySUI$vGHintLE85fA1bMzXHEg20GH7wrDA8CeC2JRZSqCF3U=",
        "version": 1573767702,
        "enabled": true,
        "user_real_name": "Test Administrator 1",
        "username": "admin",
        "last_login": "2019-11-15T02:35:35.597Z",
        "email_show": true,
        "email": "admin@goss.com",
        "prev_login": "2019-08-13T17:04:35.675Z",
        "description": "",
        "last_notification": "2019-08-13T17:04:35.675Z",
        "requires_sync": false,
        "is_active": true,
        "is_admin": true
    }
},
{
    "model": "people.person",
    "pk": 2,
    "fields": {
        "password": "pbkdf2_sha256$150000$13PiGqtQp4mn$T9WsCbw8Z9kSSFCNXuDQ01gdHiZY80XT567saUmfd7c=",
        "version": 1573767201,
        "enabled": true,
        "user_real_name": "Test User 1",
        "username": "user",
        "last_login": "2019-11-14T20:54:02.952Z",
        "email_show": true,
        "email": "user@goss.com",
        "prev_login": "2019-08-13T21:18:23.008Z",
        "description": "",
        "last_notification": "2019-08-13T21:18:23.008Z",
        "requires_sync": true,
        "is_active": true,
        "is_admin": false
    }
},
{
    "model": "people.personwidgetdefinition",
    "pk": 3,
    "fields": {
        "version": 1573767702,
        "person": [
            "admin@goss.com"
        ],
        "visible": true,
        "pwd_position": null,
        "widget_definition": 1,
        "group_widget": true,
        "favorite": false,
        "display_name": null,
        "disabled": null,
        "user_widget": false
    }
},
{
    "model": "people.personwidgetdefinition",
    "pk": 4,
    "fields": {
        "version": 1573767702,
        "person": [
            "admin@goss.com"
        ],
        "visible": true,
        "pwd_position": null,
        "widget_definition": 3,
        "group_widget": true,
        "favorite": false,
        "display_name": null,
        "disabled": null,
        "user_widget": false
    }
},
{
    "model": "people.personwidgetdefinition",
    "pk": 5,
    "fields": {
        "version": 1573767702,
        "person": [
            "admin@goss.com"
        ],
        "visible": true,
        "pwd_position": null,
        "widget_definition": 4,
        "group_widget": true,
        "favorite": false,
        "display_name": null,
        "disabled": null,
        "user_widget": false
    }
},
{
    "model": "people.personwidgetdefinition",
    "pk": 6,
    "fields": {
        "version": 1573767702,
        "person": [
            "admin@goss.com"
        ],
        "visible": true,
        "pwd_position": null,
        "widget_definition": 5,
        "group_widget": true,
        "favorite": false,
        "display_name": null,
        "disabled": null,
        "user_widget": false
    }
},
{
    "model": "people.personwidgetdefinition",
    "pk": 7,
    "fields": {
        "version": 1573767702,
        "person": [
            "admin@goss.com"
        ],
        "visible": true,
        "pwd_position": null,
        "widget_definition": 2,
        "group_widget": true,
        "favorite": false,
        "display_name": null,
        "disabled": null,
        "user_widget": false
    }
},
{
    "model": "people.personwidgetdefinition",
    "pk": 8,
    "fields": {
        "version": 1573767702,
        "person": [
            "admin@goss.com"
        ],
        "visible": true,
        "pwd_position": null,
        "widget_definition": 6,
        "group_widget": true,
        "favorite": false,
        "display_name": null,
        "disabled": null,
        "user_widget": false
    }
},
{
    "model": "people.personwidgetdefinition",
    "pk": 9,
    "fields": {
        "version": 1573767702,
        "person": [
            "admin@goss.com"
        ],
        "visible": true,
        "pwd_position": null,
        "widget_definition": 7,
        "group_widget": true,
        "favorite": false,
        "display_name": null,
        "disabled": null,
        "user_widget": false
    }
},
{
    "model": "people.personwidgetdefinition",
    "pk": 10,
    "fields": {
        "version": 1573767702,
        "person": [
            "admin@goss.com"
        ],
        "visible": true,
        "pwd_position": null,
        "widget_definition": 8,
        "group_widget": true,
        "favorite": false,
        "display_name": null,
        "disabled": null,
        "user_widget": false
    }
},
{
    "model": "people.personwidgetdefinition",
    "pk": 11,
    "fields": {
        "version": 1573767702,
        "person": [
            "admin@goss.com"
        ],
        "visible": true,
        "pwd_position": null,
        "widget_definition": 9,
        "group_widget": true,
        "favorite": false,
        "display_name": null,
        "disabled": null,
        "user_widget": false
    }
},
{
    "model": "people.personwidgetdefinition",
    "pk": 12,
    "fields": {
        "version": 1573767702,
        "person": [
            "admin@goss.com"
        ],
        "visible": true,
        "pwd_position": null,
        "widget_definition": 10,
        "group_widget": true,
        "favorite": false,
        "display_name": null,
        "disabled": null,
        "user_widget": false
    }
},
{
    "model": "people.personwidgetdefinition",
    "pk": 13,
    "fields": {
        "version": 1573767702,
        "person": [
            "admin@goss.com"
        ],
        "visible": true,
        "pwd_position": null,
        "widget_definition": 11,
        "group_widget": true,
        "favorite": false,
        "display_name": null,
        "disabled": null,
        "user_widget": false
    }
},
{
    "model": "people.personwidgetdefinition",
    "pk": 18,
    "fields": {
        "version": 1573767201,
        "person": [
            "user@goss.com"
        ],
        "visible": true,
        "pwd_position": null,
        "widget_definition": 6,
        "group_widget": true,
        "favorite": false,
        "display_name": null,
        "disabled": null,
        "user_widget": false
    }
},
{
    "model": "people.personwidgetdefinition",
    "pk": 19,
    "fields": {
        "version": 1573767201,
        "person": [
            "user@goss.com"
        ],
        "visible": true,
        "pwd_position": null,
        "widget_definition": 7,
        "group_widget": true,
        "favorite": false,
        "display_name": null,
        "disabled": null,
        "user_widget": false
    }
},
{
    "model": "people.personwidgetdefinition",
    "pk": 20,
    "fields": {
        "version": 1573767201,
        "person": [
            "user@goss.com"
        ],
        "visible": true,
        "pwd_position": null,
        "widget_definition": 8,
        "group_widget": true,
        "favorite": false,
        "display_name": null,
        "disabled": null,
        "user_widget": false
    }
},
{
    "model": "people.personwidgetdefinition",
    "pk": 21,
    "fields": {
        "version": 1573767201,
        "person": [
            "user@goss.com"
        ],
        "visible": true,
        "pwd_position": null,
        "widget_definition": 9,
        "group_widget": true,
        "favorite": false,
        "display_name": null,
        "disabled": null,
        "user_widget": false
    }
},
{
    "model": "people.personwidgetdefinition",
    "pk": 22,
    "fields": {
        "version": 1573767201,
        "person": [
            "user@goss.com"
        ],
        "visible": true,
        "pwd_position": null,
        "widget_definition": 10,
        "group_widget": true,
        "favorite": false,
        "display_name": null,
        "disabled": null,
        "user_widget": false
    }
},
{
    "model": "people.personwidgetdefinition",
    "pk": 23,
    "fields": {
        "version": 1573767201,
        "person": [
            "user@goss.com"
        ],
        "visible": true,
        "pwd_position": null,
        "widget_definition": 11,
        "group_widget": true,
        "favorite": false,
        "display_name": null,
        "disabled": null,
        "user_widget": false
    }
},
{
    "model": "people.personwidgetdefinition",
    "pk": 24,
    "fields": {
        "version": 1581456419,
        "person": [
            "admin@goss.com"
        ],
        "visible": true,
        "pwd_position": null,
        "widget_definition": 12,
        "group_widget": true,
        "favorite": null,
        "display_name": null,
        "disabled": null,
        "user_widget": true
    }
},
{
    "model": "people.personwidgetdefinition",
    "pk": 25,
    "fields": {
        "version": 1581456656,
        "person": [
            "user@goss.com"
        ],
        "visible": true,
        "pwd_position": null,
        "widget_definition": 12,
        "group_widget": true,
        "favorite": null,
        "display_name": null,
        "disabled": null,
        "user_widget": true
    }
},
{
    "model": "people.personwidgetdefinition",
    "pk": 26,
    "fields": {
        "version": 1581456656,
        "person": [
            "user@goss.com"
        ],
        "visible": true,
        "pwd_position": null,
        "widget_definition": 13,
        "group_widget": true,
        "favorite": null,
        "display_name": null,
        "disabled": null,
        "user_widget": true
    }
},
{
    "model": "people.personwidgetdefinition",
    "pk": 27,
    "fields": {
        "version": 1581456419,
        "person": [
            "admin@goss.com"
        ],
        "visible": true,
        "pwd_position": null,
        "widget_definition": 13,
        "group_widget": true,
        "favorite": null,
        "display_name": null,
        "disabled": null,
        "user_widget": true
    }
},
{
    "model": "roles.role",
    "pk": 1,
    "fields": {
        "version": 1,
        "authority": "ADMIN",
        "description": "Admin Role"
    }
},
{
    "model": "roles.role",
    "pk": 2,
    "fields": {
        "version": 0,
        "authority": "USER",
        "description": "User Role"
    }
},
{
    "model": "stacks.stack",
    "pk": 1,
    "fields": {
        "version": 1573784788,
        "name": "Sample",
        "description": "Sample Stack",
        "stack_context": "33e4d1ea-dc08-4287-a5d5-80d91193ab83",
        "image_url": "",
        "descriptor_url": "",
        "unique_widget_count": null,
        "owner": [
            "admin@goss.com"
        ],
        "approved": false,
        "default_group": 3
    }
},
{
    "model": "stacks.stack",
    "pk": 2,
    "fields": {
        "version": 1573784840,
        "name": "Administration",
        "description": "This application collects the administrative components into a common set of application pages for managing system resources.  These pages can be used to create, modify, update, and delete Apps, App Components, Users and Groups, and system configuration settings.",
        "stack_context": "60ab161e-e11b-4f34-8107-22251a37a12d",
        "image_url": "",
        "descriptor_url": "",
        "unique_widget_count": null,
        "owner": [
            "admin@goss.com"
        ],
        "approved": false,
        "default_group": 4
    }
},
{
    "model": "widgets.widgettype",
    "pk": 2,
    "fields": {
        "version": 1571152465,
        "name": "administration",
        "display_name": "administration"
    }
},
{
    "model": "widgets.widgettype",
    "pk": 3,
    "fields": {
        "version": 1571152480,
        "name": "standard",
        "display_name": "standard"
    }
},
{
    "model": "widgets.widgettype",
    "pk": 4,
    "fields": {
        "version": 1571152637,
        "name": "marketplace",
        "display_name": "store"
    }
},
{
    "model": "widgets.widgettype",
    "pk": 5,
    "fields": {
        "version": 1571152660,
        "name": "metric",
        "display_name": "metric"
    }
},
{
    "model": "widgets.widgettype",
    "pk": 6,
    "fields": {
        "version": 1571152673,
        "name": "fullscreen",
        "display_name": "fullscreen"
    }
},
{
    "model": "widgets.widgetdefinition",
    "pk": 1,
    "fields": {
        "version": 1571155096,
        "visible": true,
        "image_url_medium": "static/images/widgets/widgets-manager.png",
        "image_url_small": "static/images/widgets/widgets-manager.png",
        "singleton": false,
        "width": 400,
        "widget_version": "1.0",
        "height": 400,
        "widget_url": "local:widget_admin",
        "widget_guid": "25c85af7-6a2d-45c4-bbd5-5a58abd9e5e3",
        "display_name": "Widget Administration",
        "background": false,
        "universal_name": "org.ozoneplatform.owf.admin.WidgetAdmin",
        "descriptor_url": "Description for url",
        "description": "Description",
        "mobile_ready": false
    }
},
{
    "model": "widgets.widgetdefinition",
    "pk": 2,
    "fields": {
        "version": 1573765115,
        "visible": true,
        "image_url_medium": "static/images/widgets/dashboards-manager.png",
        "image_url_small": "static/images/widgets/dashboards-manager.png",
        "singleton": false,
        "width": 400,
        "widget_version": "1.0",
        "height": 400,
        "widget_url": "local:dashboard_admin",
        "widget_guid": "7519b430-1f20-4edc-9769-c9fde5d7dfcc",
        "display_name": "Stack Administration",
        "background": null,
        "universal_name": "org.ozoneplatform.owf.admin.DashboardAdmin",
        "descriptor_url": null,
        "description": null,
        "mobile_ready": false
    }
},
{
    "model": "widgets.widgetdefinition",
    "pk": 3,
    "fields": {
        "version": 1571155214,
        "visible": false,
        "image_url_medium": "static/images/widgets/users-manager.png",
        "image_url_small": "static/images/widgets/users-manager.png",
        "singleton": false,
        "width": 400,
        "widget_version": "1.0",
        "height": 400,
        "widget_url": "local:user_admin",
        "widget_guid": "29024e50-5070-4b75-bf85-c8210bc2f62a",
        "display_name": "User Administration",
        "background": null,
        "universal_name": "org.ozoneplatform.owf.admin.UserAdmin",
        "descriptor_url": null,
        "description": null,
        "mobile_ready": false
    }
},
{
    "model": "widgets.widgetdefinition",
    "pk": 4,
    "fields": {
        "version": 1571155265,
        "visible": false,
        "image_url_medium": "static/images/widgets/groups-manager.png",
        "image_url_small": "static/images/widgets/groups-manager.png",
        "singleton": false,
        "width": 400,
        "widget_version": "1.0",
        "height": 400,
        "widget_url": "local:group_admin",
        "widget_guid": "617c2a73-b440-412b-833d-a42b305a5a18",
        "display_name": "Group Administration",
        "background": null,
        "universal_name": "org.ozoneplatform.owf.admin.GroupAdmin",
        "descriptor_url": null,
        "description": null,
        "mobile_ready": false
    }
},
{
    "model": "widgets.widgetdefinition",
    "pk": 5,
    "fields": {
        "version": 1571155320,
        "visible": false,
        "image_url_medium": "static/images/widgets/configuration-manager.png",
        "image_url_small": "static/images/widgets/configuration-manager.png",
        "singleton": false,
        "width": 400,
        "widget_version": "1.0",
        "height": 400,
        "widget_url": "local:system_config",
        "widget_guid": "159529f1-edbf-4d34-bec6-bd96e3e83b33",
        "display_name": "System Configuration",
        "background": null,
        "universal_name": "org.ozoneplatform.owf.admin.SystemConfig",
        "descriptor_url": null,
        "description": null,
        "mobile_ready": false
    }
},
{
    "model": "widgets.widgetdefinition",
    "pk": 6,
    "fields": {
        "version": 1571866095,
        "visible": false,
        "image_url_medium": "static/images/widget-icons/ChannelShouter.png",
        "image_url_small": "static/images/widget-icons/ChannelShouter.png",
        "singleton": false,
        "width": 400,
        "widget_version": null,
        "height": 400,
        "widget_url": "http://localhost:4000/channel_shouter.html",
        "widget_guid": "1c21142a-d50a-4bd9-a928-6f9d626fd3b7",
        "display_name": "Channel Shouter",
        "background": false,
        "universal_name": "org.owfgoss.owf.examples.ChannelShouter",
        "descriptor_url": null,
        "description": "Broadcast a message on a specified channel.",
        "mobile_ready": false
    }
},
{
    "model": "widgets.widgetdefinition",
    "pk": 7,
    "fields": {
        "version": 1571934185,
        "visible": false,
        "image_url_medium": "static/images/widget-icons/ChannelListener.png",
        "image_url_small": "static/images/widget-icons/ChannelListener.png",
        "singleton": false,
        "width": 400,
        "widget_version": null,
        "height": 400,
        "widget_url": "http://localhost:4000/channel_listener.html",
        "widget_guid": "23134b74-5cec-499e-aeba-189f9af25ad6",
        "display_name": "Channel Listener",
        "background": false,
        "universal_name": "org.owfgoss.owf.examples.ChannelListener",
        "descriptor_url": null,
        "description": "Receive a message on a specified channel.",
        "mobile_ready": false
    }
},
{
    "model": "widgets.widgetdefinition",
    "pk": 8,
    "fields": {
        "version": 1571935112,
        "visible": false,
        "image_url_medium": "static/images/widget-icons/ColorServer.png",
        "image_url_small": "static/images/widget-icons/ColorServer.png",
        "singleton": false,
        "width": 400,
        "widget_version": null,
        "height": 400,
        "widget_url": "http://localhost:4000/color_server.html",
        "widget_guid": "782d37fa-b9cc-4af6-a4da-98913aebdf0a",
        "display_name": "Color Server",
        "background": false,
        "universal_name": "org.owfgoss.owf.examples.ColorServer",
        "descriptor_url": null,
        "description": "Simple eventing example that works in tandem with Color Client.",
        "mobile_ready": false
    }
},
{
    "model": "widgets.widgetdefinition",
    "pk": 9,
    "fields": {
        "version": 1571935188,
        "visible": false,
        "image_url_medium": "static/images/widget-icons/ColorClient.png",
        "image_url_small": "static/images/widget-icons/ColorClient.png",
        "singleton": false,
        "width": 400,
        "widget_version": null,
        "height": 400,
        "widget_url": "http://localhost:4000/color_client.html",
        "widget_guid": "6753483b-42a7-4b36-b87d-bdd97a253abf",
        "display_name": "Color Client",
        "background": false,
        "universal_name": "org.owfgoss.owf.examples.ColorClient",
        "descriptor_url": null,
        "description": "Simple eventing example that works in tandem with Color Server.",
        "mobile_ready": false
    }
},
{
    "model": "widgets.widgetdefinition",
    "pk": 10,
    "fields": {
        "version": 1571935188,
        "visible": false,
        "image_url_medium": "static/images/widget-icons/WidgetLog.png",
        "image_url_small": "static/images/widget-icons/WidgetLog.png",
        "singleton": false,
        "width": 400,
        "widget_version": null,
        "height": 400,
        "widget_url": "http://localhost:4000/widget_search.html",
        "widget_guid": "0d9cf0fc-d2f5-4fa4-a3c5-235940aa334e",
        "display_name": "Widget Search",
        "background": false,
        "universal_name": "org.owfgoss.owf.examples.WidgetSearch",
        "descriptor_url": null,
        "description": "Display a list of the current widgets.",
        "mobile_ready": false
    }
},
{
    "model": "widgets.widgetdefinition",
    "pk": 11,
    "fields": {
        "version": 1571935188,
        "visible": false,
        "image_url_medium": "static/images/widget-icons/Preferences.png",
        "image_url_small": "static/images/widget-icons/Preferences.png",
        "singleton": false,
        "width": 400,
        "widget_version": null,
        "height": 400,
        "widget_url": "http://localhost:4000/preferences.html",
        "widget_guid": "ddd85a2c-0388-4bec-9c91-b7cea0bf4007",
        "display_name": "Preferences",
        "background": false,
        "universal_name": "org.owfgoss.owf.examples.Preferences",
        "descriptor_url": null,
        "description": "Example that utilizes the Preferences API",
        "mobile_ready": false
    }
},
{
    "model": "widgets.widgetdefinition",
    "pk": 12,
    "fields": {
        "version": 1581456033,
        "visible": true,
        "image_url_medium": "static/images/widget-icons/MappingControler.svg",
        "image_url_small": "static/images/widget-icons/MappingControler.svg",
        "singleton": false,
        "width": 200,
        "widget_version": "1581455989",
        "height": 200,
        "widget_url": "http://localhost:4000/MappingSender.html",
        "widget_guid": "551b3954-ff02-4ff8-90e4-1860e5e5cc52",
        "display_name": "Mapping Sender",
        "background": false,
        "universal_name": "org.ozoneplatform.owf.examples.MappingSender",
        "descriptor_url": null,
        "description": "Mapping Sender Widget Sends Intent For Mapping",
        "mobile_ready": false
    }
},
{
    "model": "widgets.widgetdefinition",
    "pk": 13,
    "fields": {
        "version": 1581456394,
        "visible": true,
        "image_url_medium": "static/images/widget-icons/Rocket.svg",
        "image_url_small": "static/images/widget-icons/Rocket.svg",
        "singleton": false,
        "width": 200,
        "widget_version": "1581456371",
        "height": 200,
        "widget_url": "http://localhost:4000/mapping_client.html",
        "widget_guid": "60caa9e6-4caf-4ab3-8251-290eacec0249",
        "display_name": "Mapping Client",
        "background": false,
        "universal_name": "org.owfgoss.owf.examples.MappingClient",
        "descriptor_url": null,
        "description": "Mapping Widget For Plotting Mapping Sender",
        "mobile_ready": false
    }
},
{
    "model": "widgets.widgetdefintent",
    "pk": 1,
    "fields": {
        "version": 1581456033,
        "receive": false,
        "send": true,
        "intent": 1,
        "widget_definition": 12
    }
},
{
    "model": "widgets.widgetdefintent",
    "pk": 2,
    "fields": {
        "version": 1581456394,
        "receive": true,
        "send": false,
        "intent": 1,
        "widget_definition": 13
    }
},
{
    "model": "widgets.widgetdefintentdatatypes",
    "pk": 1,
    "fields": {
        "intent_data_type": 1,
        "widget_definition_intent": 1
    }
},
{
    "model": "widgets.widgetdefintentdatatypes",
    "pk": 2,
    "fields": {
        "intent_data_type": 1,
        "widget_definition_intent": 2
    }
},
{
    "model": "widgets.widgettype",
    "pk": 2,
    "fields": {
        "version": 1571152465,
        "name": "administration",
        "display_name": "administration"
    }
},
{
    "model": "widgets.widgetdefinitionwidgettypes",
    "pk": 1,
    "fields": {
        "widget_definition": 6,
        "widget_type": 3
    }
},
{
    "model": "widgets.widgetdefinitionwidgettypes",
    "pk": 2,
    "fields": {
        "widget_definition": 7,
        "widget_type": 3
    }
},
{
    "model": "widgets.widgetdefinitionwidgettypes",
    "pk": 3,
    "fields": {
        "widget_definition": 8,
        "widget_type": 3
    }
},
{
    "model": "widgets.widgetdefinitionwidgettypes",
    "pk": 4,
    "fields": {
        "widget_definition": 9,
        "widget_type": 3
    }
},
{
    "model": "widgets.widgetdefinitionwidgettypes",
    "pk": 5,
    "fields": {
        "widget_definition": 10,
        "widget_type": 3
    }
},
{
    "model": "widgets.widgetdefinitionwidgettypes",
    "pk": 6,
    "fields": {
        "widget_definition": 11,
        "widget_type": 3
    }
},
{
    "model": "widgets.widgetdefinitionwidgettypes",
    "pk": 11,
    "fields": {
        "widget_definition": 1,
        "widget_type": 2
    }
},
{
    "model": "widgets.widgetdefinitionwidgettypes",
    "pk": 12,
    "fields": {
        "widget_definition": 2,
        "widget_type": 2
    }
},
{
    "model": "widgets.widgetdefinitionwidgettypes",
    "pk": 13,
    "fields": {
        "widget_definition": 3,
        "widget_type": 2
    }
},
{
    "model": "widgets.widgetdefinitionwidgettypes",
    "pk": 14,
    "fields": {
        "widget_definition": 4,
        "widget_type": 2
    }
},
{
    "model": "widgets.widgetdefinitionwidgettypes",
    "pk": 15,
    "fields": {
        "widget_definition": 5,
        "widget_type": 2
    }
},
{
    "model": "widgets.widgetdefinitionwidgettypes",
    "pk": 17,
    "fields": {
        "widget_definition": 12,
        "widget_type": 3
    }
},
{
    "model": "widgets.widgetdefinitionwidgettypes",
    "pk": 19,
    "fields": {
        "widget_definition": 13,
        "widget_type": 3
    }
},
{
    "model": "dashboards.dashboard",
    "pk": 1,
    "fields": {
        "version": 1573784788,
        "isdefault": false,
        "dashboard_position": 0,
        "altered_by_admin": false,
        "guid": "b1eee77b-0c9e-440f-b89b-6a97c03b17da",
        "name": "Sample",
        "user": null,
        "description": null,
        "created_by": null,
        "created_date": "2019-11-15T02:26:28.191Z",
        "edited_by": null,
        "edited_date": null,
        "layout_config": "",
        "locked": false,
        "stack": 1,
        "type": null,
        "icon_image_url": null,
        "published_to_store": false,
        "marked_for_deletion": false
    }
},
{
    "model": "dashboards.dashboard",
    "pk": 2,
    "fields": {
        "version": 1573784788,
        "isdefault": false,
        "dashboard_position": 0,
        "altered_by_admin": false,
        "guid": "160d7f46-2a55-4a24-9fd4-9fe6724f67c1",
        "name": "Sample",
        "user": [
            "admin@goss.com"
        ],
        "description": null,
        "created_by": null,
        "created_date": "2019-11-15T02:26:28.194Z",
        "edited_by": null,
        "edited_date": null,
        "layout_config": "",
        "locked": false,
        "stack": 1,
        "type": null,
        "icon_image_url": null,
        "published_to_store": false,
        "marked_for_deletion": false
    }
},
{
    "model": "dashboards.dashboard",
    "pk": 3,
    "fields": {
        "version": 1573784840,
        "isdefault": false,
        "dashboard_position": 0,
        "altered_by_admin": false,
        "guid": "a1266a8e-47fc-4f3f-9a23-969abe057d59",
        "name": "Administration",
        "user": null,
        "description": null,
        "created_by": null,
        "created_date": "2019-11-15T02:27:20.708Z",
        "edited_by": null,
        "edited_date": null,
        "layout_config": "",
        "locked": false,
        "stack": 2,
        "type": null,
        "icon_image_url": null,
        "published_to_store": false,
        "marked_for_deletion": false
    }
},
{
    "model": "dashboards.dashboard",
    "pk": 4,
    "fields": {
        "version": 1573784840,
        "isdefault": false,
        "dashboard_position": 0,
        "altered_by_admin": false,
        "guid": "8fc2a1fe-a1b7-4202-801b-e89e505ae4df",
        "name": "Administration",
        "user": [
            "admin@goss.com"
        ],
        "description": null,
        "created_by": null,
        "created_date": "2019-11-15T02:27:20.710Z",
        "edited_by": null,
        "edited_date": null,
        "layout_config": "",
        "locked": false,
        "stack": 2,
        "type": null,
        "icon_image_url": null,
        "published_to_store": false,
        "marked_for_deletion": false
    }
},
{
    "model": "preferences.preference",
    "pk": 1,
    "fields": {
        "version": 1573767341,
        "value": "a9bf8e71-692d-44e3-a465-5337ce5e725e",
        "path": "guide_to_launch",
        "user": [
            "admin@goss.com"
        ],
        "namespace": "owf.admin.UserEditCopy"
    }
},
{
    "model": "preferences.preference",
    "pk": 2,
    "fields": {
        "version": 1571152042,
        "value": "679294b3-ccc3-4ace-a061-e3f27ed86451",
        "path": "guide_to_launch",
        "user": [
            "admin@goss.com"
        ],
        "namespace": "owf.admin.WidgetEditCopy"
    }
},
{
    "model": "preferences.preference",
    "pk": 3,
    "fields": {
        "version": 1571152074,
        "value": "dc5c2062-aaa8-452b-897f-60b4b55ab564",
        "path": "guide_to_launch",
        "user": [
            "admin@goss.com"
        ],
        "namespace": "owf.admin.GroupEditCopy"
    }
},
{
    "model": "preferences.preference",
    "pk": 4,
    "fields": {
        "version": 1571152105,
        "value": "2445afb9-eb3f-4b79-acf8-6b12180921c3",
        "path": "guide_to_launch",
        "user": [
            "admin@goss.com"
        ],
        "namespace": "owf.admin.DashboardEditCopy"
    }
},
{
    "model": "preferences.preference",
    "pk": 5,
    "fields": {
        "version": 1571152128,
        "value": "72c382a3-89e7-4abf-94db-18db7779e1d",
        "path": "guide_to_launch",
        "user": [
            "admin@goss.com"
        ],
        "namespace": "owf.admin.StackEditCopy"
    }
},
{
    "model": "appconf.applicationconfiguration",
    "pk": 1,
    "fields": {
        "version": 1,
        "created_by": [
            "admin@goss.com"
        ],
        "created_date": "2019-08-29",
        "edited_by": [
            "admin@goss.com"
        ],
        "edited_date": "2019-08-29",
        "code": "owf.enable.cef.logging",
        "value": "false",
        "title": "Enable CEF Logging",
        "description": "Record when users create, read, edit and delete.",
        "type": "Boolean",
        "group_name": "AUDITING",
        "sub_group_name": null,
        "mutable": true,
        "sub_group_order": 1,
        "help": "help"
    }
},
{
    "model": "appconf.applicationconfiguration",
    "pk": 2,
    "fields": {
        "version": 1571150728,
        "created_by": null,
        "created_date": "2019-10-15",
        "edited_by": null,
        "edited_date": "2019-10-15",
        "code": "owf.enable.cef.object.access.logging",
        "value": "false",
        "title": "Enable CEF Object Access Logging",
        "description": "Record users sign in/out for CEF create, read, edit and delete.",
        "type": "Boolean",
        "group_name": "AUDITING",
        "sub_group_name": null,
        "mutable": true,
        "sub_group_order": 2,
        "help": null
    }
},
{
    "model": "appconf.applicationconfiguration",
    "pk": 3,
    "fields": {
        "version": 1571150721,
        "created_by": null,
        "created_date": "2019-10-15",
        "edited_by": null,
        "edited_date": "2019-10-15",
        "code": "owf.enable.cef.log.sweep",
        "value": "false",
        "title": "Enable CEF Sweep Log",
        "description": "This feature is not longer in use.",
        "type": "Boolean",
        "group_name": "HIDDEN",
        "sub_group_name": null,
        "mutable": true,
        "sub_group_order": 3,
        "help": null
    }
},
{
    "model": "appconf.applicationconfiguration",
    "pk": 4,
    "fields": {
        "version": 1571150699,
        "created_by": null,
        "created_date": "2019-10-15",
        "edited_by": null,
        "edited_date": "2019-10-15",
        "code": "owf.cef.log.location",
        "value": "logs",
        "title": "CEF Log Location",
        "description": "Directory location where the logs are generated.",
        "type": "String",
        "group_name": "AUDITING",
        "sub_group_name": null,
        "mutable": true,
        "sub_group_order": 4,
        "help": null
    }
},
{
    "model": "appconf.applicationconfiguration",
    "pk": 5,
    "fields": {
        "version": 1571150838,
        "created_by": null,
        "created_date": "2019-10-15",
        "edited_by": null,
        "edited_date": "2019-10-15",
        "code": "owf.cef.sweep.log.location",
        "value": "/var/log/cef",
        "title": "CEF Sweep Log Location",
        "description": "This feature is no longer in use.",
        "type": "String",
        "group_name": "HIDDEN",
        "sub_group_name": null,
        "mutable": true,
        "sub_group_order": 5,
        "help": null
    }
},
{
    "model": "appconf.applicationconfiguration",
    "pk": 6,
    "fields": {
        "version": 1571150885,
        "created_by": null,
        "created_date": "2019-10-15",
        "edited_by": null,
        "edited_date": "2019-10-15",
        "code": "owf.security.level",
        "value": "DEBUG",
        "title": "Security Level",
        "description": "The maximum security level of the logs.",
        "type": "String",
        "group_name": "AUDITING",
        "sub_group_name": null,
        "mutable": true,
        "sub_group_order": 6,
        "help": null
    }
},
{
    "model": "appconf.applicationconfiguration",
    "pk": 7,
    "fields": {
        "version": 1571150952,
        "created_by": null,
        "created_date": "2019-10-15",
        "edited_by": null,
        "edited_date": "2019-10-15",
        "code": "owf.session.control.enabled",
        "value": "false",
        "title": "Enable Session Control",
        "description": null,
        "type": "Boolean",
        "group_name": "USER_ACCOUNT_SETTINGS",
        "sub_group_name": "Session Control",
        "mutable": true,
        "sub_group_order": 1,
        "help": null
    }
},
{
    "model": "appconf.applicationconfiguration",
    "pk": 8,
    "fields": {
        "version": 1571151010,
        "created_by": null,
        "created_date": "2019-10-15",
        "edited_by": null,
        "edited_date": "2019-10-15",
        "code": "owf.session.control.max.concurrent",
        "value": "1",
        "title": "Max Concurrent Sessions",
        "description": null,
        "type": "Integer",
        "group_name": "USER_ACCOUNT_SETTINGS",
        "sub_group_name": "Session Control",
        "mutable": true,
        "sub_group_order": 2,
        "help": null
    }
},
{
    "model": "appconf.applicationconfiguration",
    "pk": 9,
    "fields": {
        "version": 1571151063,
        "created_by": null,
        "created_date": "2019-10-15",
        "edited_by": null,
        "edited_date": "2019-10-15",
        "code": "owf.disable.inactive.accounts",
        "value": "true",
        "title": "Disable Inactive Accounts",
        "description": null,
        "type": "Boolean",
        "group_name": "USER_ACCOUNT_SETTINGS",
        "sub_group_name": "Inactive Accounts",
        "mutable": true,
        "sub_group_order": 1,
        "help": null
    }
},
{
    "model": "appconf.applicationconfiguration",
    "pk": 10,
    "fields": {
        "version": 1571151113,
        "created_by": null,
        "created_date": "2019-10-15",
        "edited_by": null,
        "edited_date": "2019-10-15",
        "code": "owf.inactivity.threshold",
        "value": "86400",
        "title": "Account Inactivity Threshold",
        "description": null,
        "type": "Integer",
        "group_name": "USER_ACCOUNT_SETTINGS",
        "sub_group_name": "Inactive Accounts",
        "mutable": true,
        "sub_group_order": 2,
        "help": null
    }
},
{
    "model": "appconf.applicationconfiguration",
    "pk": 11,
    "fields": {
        "version": 1571151178,
        "created_by": null,
        "created_date": "2019-10-15",
        "edited_by": null,
        "edited_date": "2019-10-15",
        "code": "owf.job.disable.accounts.start.time",
        "value": "23:59:59",
        "title": "Disable Accounts Job Start Time",
        "description": null,
        "type": "String",
        "group_name": "HIDDEN",
        "sub_group_name": null,
        "mutable": true,
        "sub_group_order": 1,
        "help": null
    }
},
{
    "model": "appconf.applicationconfiguration",
    "pk": 12,
    "fields": {
        "version": 1571151224,
        "created_by": null,
        "created_date": "2019-10-15",
        "edited_by": null,
        "edited_date": "2019-10-15",
        "code": "owf.job.disable.accounts.interval",
        "value": "1440",
        "title": "Disable Accounts Job Interval",
        "description": null,
        "type": "Integer",
        "group_name": "HIDDEN",
        "sub_group_name": null,
        "mutable": true,
        "sub_group_order": 2,
        "help": null
    }
},
{
    "model": "appconf.applicationconfiguration",
    "pk": 13,
    "fields": {
        "version": 1571151280,
        "created_by": null,
        "created_date": "2019-10-15",
        "edited_by": null,
        "edited_date": "2019-10-15",
        "code": "free.warning.content",
        "title": "Warning Banner Content",
        "description": null,
        "type": "String",
        "group_name": "BRANDING",
        "sub_group_name": null,
        "mutable": true,
        "sub_group_order": 1,
        "help": null
    }
},
{
    "model": "appconf.applicationconfiguration",
    "pk": 14,
    "fields": {
        "version": 1571151336,
        "created_by": null,
        "created_date": "2019-10-15",
        "edited_by": null,
        "edited_date": "2019-10-15",
        "code": "owf.custom.background.url",
        "title": "Custom Background URL",
        "description": null,
        "type": "String",
        "group_name": "BRANDING",
        "sub_group_name": "Custom Background",
        "mutable": true,
        "sub_group_order": 1,
        "help": null
    }
},
{
    "model": "appconf.applicationconfiguration",
    "pk": 15,
    "fields": {
        "version": 1571151419,
        "created_by": null,
        "created_date": "2019-10-15",
        "edited_by": null,
        "edited_date": "2019-10-15",
        "code": "owf.custom.header.url",
        "title": "Custom Header URL",
        "description": null,
        "type": "String",
        "group_name": "BRANDING",
        "sub_group_name": "Custom Header and Footer",
        "mutable": true,
        "sub_group_order": 1,
        "help": null
    }
},
{
    "model": "appconf.applicationconfiguration",
    "pk": 16,
    "fields": {
        "version": 1571151480,
        "created_by": null,
        "created_date": "2019-10-15",
        "edited_by": null,
        "edited_date": "2019-10-15",
        "code": "owf.custom.header.height",
        "value": "0",
        "title": "Custom Header Height",
        "description": null,
        "type": "Integer",
        "group_name": "BRANDING",
        "sub_group_name": "Custom Header and Footer",
        "mutable": true,
        "sub_group_order": 2,
        "help": null
    }
},
{
    "model": "appconf.applicationconfiguration",
    "pk": 17,
    "fields": {
        "version": 1571151527,
        "created_by": null,
        "created_date": "2019-10-15",
        "edited_by": null,
        "edited_date": "2019-10-15",
        "code": "owf.custom.footer.url",
        "title": "Custom Footer URL",
        "description": null,
        "type": "String",
        "group_name": "BRANDING",
        "sub_group_name": "Custom Header and Footer",
        "mutable": true,
        "sub_group_order": 3,
        "help": null
    }
},
{
    "model": "appconf.applicationconfiguration",
    "pk": 18,
    "fields": {
        "version": 1571151577,
        "created_by": null,
        "created_date": "2019-10-15",
        "edited_by": null,
        "edited_date": "2019-10-15",
        "code": "owf.custom.footer.height",
        "value": "0",
        "title": "Custom Footer Height",
        "description": null,
        "type": "Integer",
        "group_name": "BRANDING",
        "sub_group_name": "Custom Header and Footer",
        "mutable": true,
        "sub_group_order": 4,
        "help": null
    }
},
{
    "model": "appconf.applicationconfiguration",
    "pk": 19,
    "fields": {
        "version": 1571151611,
        "created_by": null,
        "created_date": "2019-10-15",
        "edited_by": null,
        "edited_date": "2019-10-15",
        "code": "owf.custom.css",
        "title": "Custom CSS",
        "description": null,
        "type": "String",
        "group_name": "BRANDING",
        "sub_group_name": "Custom Header and Footer",
        "mutable": true,
        "sub_group_order": 5,
        "help": null
    }
},
{
    "model": "appconf.applicationconfiguration",
    "pk": 20,
    "fields": {
        "version": 1571151650,
        "created_by": null,
        "created_date": "2019-10-15",
        "edited_by": null,
        "edited_date": "2019-10-15",
        "code": "owf.custom.jss",
        "title": "Custom Javascript",
        "description": null,
        "type": "String",
        "group_name": "BRANDING",
        "sub_group_name": "Custom Header and Footer",
        "mutable": true,
        "sub_group_order": 6,
        "help": null
    }
},
{
    "model": "owf_groups.owfgrouppeople",
    "pk": 1,
    "fields": {
        "group": 1,
        "person": [
            "admin@goss.com"
        ]
    }
},
{
    "model": "owf_groups.owfgrouppeople",
    "pk": 2,
    "fields": {
        "group": 1,
        "person": [
            "user@goss.com"
        ]
    }
},
{
    "model": "owf_groups.owfgrouppeople",
    "pk": 5,
    "fields": {
        "group": 2,
        "person": [
            "admin@goss.com"
        ]
    }
},
{
    "model": "owf_groups.owfgrouppeople",
    "pk": 6,
    "fields": {
        "group": 3,
        "person": [
            "admin@goss.com"
        ]
    }
},
{
    "model": "owf_groups.owfgrouppeople",
    "pk": 7,
    "fields": {
        "group": 4,
        "person": [
            "admin@goss.com"
        ]
    }
},
{
    "model": "admin.logentry",
    "pk": 1,
    "fields": {
        "action_time": "2019-10-23T22:27:28.891Z",
        "user": [
            "admin@goss.com"
        ],
        "content_type": [
            "widgets",
            "widgetdefinitionwidgettypes"
        ],
        "object_id": "1",
        "object_repr": "WidgetDefinitionWidgetTypes object (1)",
        "action_flag": 1,
        "change_message": "[{\"added\": {}}]"
    }
},
{
    "model": "admin.logentry",
    "pk": 2,
    "fields": {
        "action_time": "2019-10-23T22:29:30.230Z",
        "user": [
            "admin@goss.com"
        ],
        "content_type": [
            "widgets",
            "widgetdefinitionwidgettypes"
        ],
        "object_id": "2",
        "object_repr": "WidgetDefinitionWidgetTypes object (2)",
        "action_flag": 1,
        "change_message": "[{\"added\": {}}]"
    }
},
{
    "model": "admin.logentry",
    "pk": 3,
    "fields": {
        "action_time": "2019-10-24T16:23:05.371Z",
        "user": [
            "admin@goss.com"
        ],
        "content_type": [
            "widgets",
            "widgetdefinition"
        ],
        "object_id": "7",
        "object_repr": "Channel Listener",
        "action_flag": 2,
        "change_message": "[{\"changed\": {\"fields\": [\"widget_url\"]}}]"
    }
},
{
    "model": "admin.logentry",
    "pk": 4,
    "fields": {
        "action_time": "2019-11-14T20:56:05.558Z",
        "user": [
            "admin@goss.com"
        ],
        "content_type": [
            "domain_mappings",
            "domainmapping"
        ],
        "object_id": "2",
        "object_repr": "MappingType.group:1 RelationshipType.owns MappingType.widget:1",
        "action_flag": 3,
        "change_message": ""
    }
},
{
    "model": "admin.logentry",
    "pk": 5,
    "fields": {
        "action_time": "2019-11-14T20:58:35.545Z",
        "user": [
            "admin@goss.com"
        ],
        "content_type": [
            "widgets",
            "widgetdefinition"
        ],
        "object_id": "2",
        "object_repr": "Stack Administration",
        "action_flag": 2,
        "change_message": "[{\"changed\": {\"fields\": [\"visible\"]}}]"
    }
},
{
    "model": "admin.logentry",
    "pk": 6,
    "fields": {
        "action_time": "2019-11-14T20:59:49.602Z",
        "user": [
            "admin@goss.com"
        ],
        "content_type": [
            "people",
            "person"
        ],
        "object_id": "1",
        "object_repr": "admin @ admin@goss.com",
        "action_flag": 2,
        "change_message": "[{\"changed\": {\"fields\": [\"user_real_name\", \"requires_sync\"]}}]"
    }
},
{
    "model": "admin.logentry",
    "pk": 7,
    "fields": {
        "action_time": "2019-11-14T21:01:54.969Z",
        "user": [
            "admin@goss.com"
        ],
        "content_type": [
            "owf_groups",
            "owfgrouppeople"
        ],
        "object_id": "5",
        "object_repr": "group  = OWF Administrators & person =  admin",
        "action_flag": 1,
        "change_message": "[{\"added\": {}}]"
    }
},
{
    "model": "admin.logentry",
    "pk": 8,
    "fields": {
        "action_time": "2019-11-14T21:02:10.710Z",
        "user": [
            "admin@goss.com"
        ],
        "content_type": [
            "people",
            "person"
        ],
        "object_id": "1",
        "object_repr": "admin @ admin@goss.com",
        "action_flag": 2,
        "change_message": "[{\"changed\": {\"fields\": [\"requires_sync\"]}}]"
    }
},
{
    "model": "admin.logentry",
    "pk": 9,
    "fields": {
        "action_time": "2019-11-14T21:17:16.406Z",
        "user": [
            "admin@goss.com"
        ],
        "content_type": [
            "people",
            "person"
        ],
        "object_id": "2",
        "object_repr": "user @ user@goss.com",
        "action_flag": 2,
        "change_message": "[{\"changed\": {\"fields\": [\"requires_sync\"]}}]"
    }
},
{
    "model": "admin.logentry",
    "pk": 10,
    "fields": {
        "action_time": "2019-11-14T21:31:59.350Z",
        "user": [
            "admin@goss.com"
        ],
        "content_type": [
            "widgets",
            "widgetdefinition"
        ],
        "object_id": "12",
        "object_repr": "Event Monitor Widget",
        "action_flag": 3,
        "change_message": ""
    }
},
{
    "model": "admin.logentry",
    "pk": 11,
    "fields": {
        "action_time": "2019-11-14T21:32:24.625Z",
        "user": [
            "admin@goss.com"
        ],
        "content_type": [
            "widgets",
            "widgetdefinition"
        ],
        "object_id": "13",
        "object_repr": "NYSE Widget",
        "action_flag": 3,
        "change_message": ""
    }
},
{
    "model": "admin.logentry",
    "pk": 12,
    "fields": {
        "action_time": "2019-11-14T21:32:38.968Z",
        "user": [
            "admin@goss.com"
        ],
        "content_type": [
            "widgets",
            "widgetdefinition"
        ],
        "object_id": "14",
        "object_repr": "Stock Chart",
        "action_flag": 3,
        "change_message": ""
    }
},
{
    "model": "admin.logentry",
    "pk": 13,
    "fields": {
        "action_time": "2019-11-14T21:32:46.419Z",
        "user": [
            "admin@goss.com"
        ],
        "content_type": [
            "widgets",
            "widgetdefinition"
        ],
        "object_id": "15",
        "object_repr": "HTML Viewer",
        "action_flag": 3,
        "change_message": ""
    }
},
{
    "model": "admin.logentry",
    "pk": 14,
    "fields": {
        "action_time": "2019-11-14T21:33:54.242Z",
        "user": [
            "admin@goss.com"
        ],
        "content_type": [
            "owf_groups",
            "owfgroup"
        ],
        "object_id": "3",
        "object_repr": "Test Group",
        "action_flag": 3,
        "change_message": ""
    }
},
{
    "model": "admin.logentry",
    "pk": 15,
    "fields": {
        "action_time": "2019-11-14T21:33:59.619Z",
        "user": [
            "admin@goss.com"
        ],
        "content_type": [
            "owf_groups",
            "owfgroup"
        ],
        "object_id": "5",
        "object_repr": "Test Group 3",
        "action_flag": 3,
        "change_message": ""
    }
},
{
    "model": "admin.logentry",
    "pk": 16,
    "fields": {
        "action_time": "2019-11-14T21:34:05.919Z",
        "user": [
            "admin@goss.com"
        ],
        "content_type": [
            "owf_groups",
            "owfgroup"
        ],
        "object_id": "4",
        "object_repr": "Test Group 2",
        "action_flag": 3,
        "change_message": ""
    }
},
{
    "model": "admin.logentry",
    "pk": 17,
    "fields": {
        "action_time": "2019-11-14T21:34:41.587Z",
        "user": [
            "admin@goss.com"
        ],
        "content_type": [
            "widgets",
            "widgettype"
        ],
        "object_id": "1",
        "object_repr": "1",
        "action_flag": 3,
        "change_message": ""
    }
},
{
    "model": "admin.logentry",
    "pk": 18,
    "fields": {
        "action_time": "2019-11-14T21:35:41.415Z",
        "user": [
            "admin@goss.com"
        ],
        "content_type": [
            "preferences",
            "preference"
        ],
        "object_id": "1",
        "object_repr": "user = admin & namespace = owf.admin.UserEditCopy",
        "action_flag": 2,
        "change_message": "[]"
    }
},
{
    "model": "admin.logentry",
    "pk": 19,
    "fields": {
        "action_time": "2019-11-14T21:39:08.941Z",
        "user": [
            "admin@goss.com"
        ],
        "content_type": [
            "dashboards",
            "dashboard"
        ],
        "object_id": "3",
        "object_repr": "test_dashboard for user: 1",
        "action_flag": 3,
        "change_message": ""
    }
},
{
    "model": "admin.logentry",
    "pk": 20,
    "fields": {
        "action_time": "2019-11-14T21:39:14.441Z",
        "user": [
            "admin@goss.com"
        ],
        "content_type": [
            "dashboards",
            "dashboard"
        ],
        "object_id": "4",
        "object_repr": "test_dashboard for user: 1",
        "action_flag": 3,
        "change_message": ""
    }
},
{
    "model": "admin.logentry",
    "pk": 21,
    "fields": {
        "action_time": "2019-11-14T21:39:37.431Z",
        "user": [
            "admin@goss.com"
        ],
        "content_type": [
            "dashboards",
            "dashboard"
        ],
        "object_id": "1",
        "object_repr": "test_dashboard (default) for user: 1",
        "action_flag": 2,
        "change_message": "[{\"changed\": {\"fields\": [\"isdefault\", \"name\"]}}]"
    }
},
{
    "model": "admin.logentry",
    "pk": 22,
    "fields": {
        "action_time": "2019-11-14T21:41:29.397Z",
        "user": [
            "admin@goss.com"
        ],
        "content_type": [
            "stacks",
            "stack"
        ],
        "object_id": "1",
        "object_repr": "Sample",
        "action_flag": 3,
        "change_message": ""
    }
}
]
